时间段,因子名称,最小分位数超额年化收益率,最大分位数超额年化收益率,最小分位数换手率,最大分位数换手率,IC均值,IR值
全a 近10年,净利润与营业总收入之比,-8.03%,-3.00%,2.31%,1.42%,0.010,0.153
全a 近10年,心理线指标,-3.77%,-13.38%,24.94%,26.01%,-0.024,-0.329
全a 近10年,12日量变动速率指标,-0.03%,-24.09%,48.83%,46.47%,-0.046,-0.632
全a 近10年,6日成交金额的移动平均值,2.31%,-24.17%,6.56%,8.91%,-0.055,-0.506
全a 近10年,每股营业总收入TTM,-8.55%,-2.36%,2.18%,1.44%,0.010,0.184
全a 近10年,经营活动产生的现金流量净额与企业价值之比TTM,-9.84%,1.87%,2.43%,2.31%,0.019,0.327
全a 近10年,应付账款周转天数,0.06%,-3.84%,1.54%,1.68%,-0.006,-0.164
全a 近10年,销售净利率,-8.04%,-2.99%,2.32%,1.42%,0.010,0.153
全a 近10年,营业外收支利润净额/利润总额,-2.00%,-3.92%,2.08%,2.11%,-0.001,-0.022
全a 近10年,营业收入增长率,-8.75%,-3.44%,2.29%,1.90%,0.003,0.047
全a 近10年,净运营资本,-7.33%,-1.07%,2.20%,1.49%,0.013,0.299
全a 近10年,成交量的10日指数移动平均,0.76%,-18.76%,4.33%,6.48%,-0.043,-0.518
全a 近10年,成交量比率（Volume Ratio）,-4.59%,-13.06%,19.02%,19.84%,-0.030,-0.352
全a 近10年,5日平均换手率,6.22%,-30.37%,7.70%,9.84%,-0.062,-0.533
全a 近10年,意愿指标,-8.49%,-9.85%,15.78%,17.03%,-0.033,-0.346
全a 近10年,营业总收入TTM,-9.25%,-1.70%,3.01%,1.64%,0.018,0.222
全a 近10年,12日成交量的移动平均值,0.40%,-18.18%,3.86%,5.91%,-0.042,-0.498
全a 近10年,营业利润TTM,-9.99%,0.19%,2.83%,1.66%,0.023,0.288
全a 近10年,固定资产比率,-7.67%,-2.47%,1.66%,1.56%,0.004,0.080
全a 近10年,120日收益方差,0.59%,-17.52%,2.43%,3.67%,-0.043,-0.298
全a 近10年,应收账款周转天数,-3.07%,-2.12%,1.59%,1.65%,-0.007,-0.115
全a 近10年,经营活动现金流量净额TTM,-7.70%,-0.10%,2.52%,1.78%,0.017,0.250
全a 近10年,营业收入TTM,-9.08%,-1.76%,2.99%,1.64%,0.018,0.222
全a 近10年,20日成交金额的移动平均值,0.36%,-20.09%,3.32%,4.80%,-0.043,-0.370
全a 近10年,5日平均换手率与120日平均换手率,1.52%,-24.57%,12.09%,14.04%,-0.052,-0.606
全a 近10年,每股现金及现金等价物余额,-8.88%,-1.00%,2.74%,1.81%,0.010,0.188
全a 近10年,计算VMACD因子的中间变量,-2.74%,-19.96%,10.10%,15.00%,-0.042,-0.496
全a 近10年,总资产增长率,-7.73%,-3.21%,2.46%,1.82%,0.004,0.053
全a 近10年,杠杆因子,-4.44%,-5.79%,1.39%,1.61%,-0.001,-0.015
全a 近10年,威廉变异离散量,-1.90%,-19.52%,31.65%,29.17%,-0.041,-0.454
全a 近10年,毛利率增长,-8.33%,-4.02%,2.19%,2.03%,0.005,0.151
全a 近10年,因子WVAD的6日均值,-4.68%,-14.21%,16.11%,15.80%,-0.029,-0.341
全a 近10年,营业费用与营业总收入之比,-3.54%,-6.07%,1.77%,1.54%,-0.000,-0.008
全a 近10年,每股盈余公积金,-9.16%,-0.18%,1.95%,1.24%,0.016,0.260
全a 近10年,10日成交量标准差,2.88%,-23.00%,9.01%,9.87%,-0.051,-0.668
全a 近10年,带息流动负债,-5.79%,-3.88%,2.51%,1.93%,0.008,0.109
全a 近10年,销售税金率,-5.96%,-2.49%,1.67%,1.64%,0.002,0.076
全a 近10年,存货周转天数,-7.94%,-4.72%,1.74%,1.53%,-0.002,-0.039
全a 近10年,营业周期,-3.17%,-8.73%,1.97%,1.84%,-0.006,-0.086
全a 近10年,14日均幅指标,0.26%,-11.66%,3.51%,4.79%,-0.030,-0.316
全a 近10年,经营活动产生的现金流量净额与经营活动净收益之比,-8.34%,-2.85%,2.16%,2.00%,0.008,0.317
全a 近10年,净利润现金含量,-9.56%,-4.90%,2.71%,2.67%,0.005,0.197
全a 近10年,经营活动产生的现金流量净额增长率,-7.71%,-3.64%,2.30%,2.28%,0.006,0.221
全a 近10年,销售费用TTM,-7.86%,-1.74%,2.31%,1.60%,0.012,0.219
全a 近10年,留存收益,-10.29%,0.58%,2.91%,1.57%,0.026,0.325
全a 近10年,营业总成本TTM,-2.49%,-1.98%,3.56%,2.20%,0.016,0.197
全a 近10年,速动比率,-1.81%,-1.57%,2.08%,1.54%,0.001,0.021
全a 近10年,个股收益的20日偏度,-4.79%,-10.14%,15.99%,14.59%,-0.025,-0.434
全a 近10年,利润总额增长率,-9.69%,-3.98%,2.25%,2.13%,0.006,0.143
全a 近10年,营业外收支净额TTM,-4.38%,-4.53%,1.88%,1.68%,0.002,0.090
全a 近10年,无形资产比率,-4.18%,-6.45%,1.60%,1.59%,-0.002,-0.069
全a 近10年,归属母公司股东的净利润增长率,-0.80%,-2.90%,2.80%,2.71%,0.007,0.141
全a 近10年,市场杠杆,-4.80%,-3.17%,2.13%,2.15%,0.007,0.103
全a 近10年,个股收益的20日峰度,-4.48%,-9.49%,19.12%,15.47%,-0.006,-0.111
全a 近10年,20日夏普比率,-3.78%,-16.82%,19.47%,20.44%,-0.045,-0.430
全a 近10年,筹资活动产生的现金流量净额增长率,-4.73%,-3.70%,2.25%,2.30%,0.002,0.072
全a 近10年,投资活动现金流量净额TTM,-3.01%,-7.83%,1.84%,2.52%,-0.009,-0.204
全a 近10年,产权比率,-5.18%,-6.01%,1.78%,1.78%,-0.001,-0.012
全a 近10年,10日平均换手率,4.60%,-27.63%,4.92%,6.75%,-0.055,-0.464
全a 近10年,10日平均换手率与120日平均换手率之比,-0.51%,-22.46%,7.72%,9.38%,-0.044,-0.519
全a 近10年,计算VMACD因子的中间变量,-3.00%,-16.81%,6.25%,9.19%,-0.032,-0.403
全a 近10年,超速动比率,-5.41%,-5.68%,2.14%,1.60%,0.001,0.014
全a 近10年,存货周转率,-4.72%,-6.90%,1.82%,1.61%,0.003,0.041
全a 近10年,财务费用TTM,-3.01%,-4.47%,1.62%,1.67%,-0.002,-0.040
全a 近10年,营业利润增长率,-9.36%,-4.58%,2.24%,2.12%,0.006,0.135
全a 近10年,每股未分配利润,-10.00%,-0.07%,2.29%,1.33%,0.017,0.229
全a 近10年,20日成交量标准差,2.72%,-20.23%,5.13%,6.11%,-0.044,-0.556
全a 近10年,长期负债与营运资金比率,-5.44%,-1.67%,1.99%,1.82%,0.003,0.115
全a 近10年,流动比率(单季度),-5.99%,-4.75%,2.10%,1.58%,0.001,0.023
全a 近10年,经营活动产生现金流量净额/净债务,-6.70%,-1.00%,2.50%,2.42%,0.005,0.193
全a 近10年,总资产现金回收率,-10.38%,-0.90%,2.22%,1.77%,0.011,0.253
全a 近10年,6日均幅指标,2.30%,-15.08%,5.62%,8.04%,-0.038,-0.408
全a 近10年,每股营业收入TTM,-8.54%,-2.35%,2.18%,1.44%,0.010,0.184
全a 近10年,管理费用TTM,-8.50%,-1.21%,2.82%,1.71%,0.015,0.193
全a 近10年,净利息费用,-2.48%,-6.09%,2.09%,2.97%,-0.016,-0.092
全a 近10年,非流动资产比率,-4.85%,-6.10%,1.60%,1.72%,0.000,0.007
全a 近10年,价值变动净收益TTM,-5.71%,-3.27%,2.41%,1.91%,0.009,0.209
全a 近10年,每股净资产,-9.83%,-1.05%,2.24%,1.29%,0.013,0.174
全a 近10年,总资产周转率,-5.85%,-2.97%,1.75%,1.49%,0.004,0.113
全a 近10年,利润总额TTM,-10.18%,0.37%,2.89%,1.68%,0.023,0.293
全a 近10年,个股收益的120日峰度,-5.83%,-6.40%,5.18%,3.86%,0.006,0.078
全a 近10年,60日夏普比率,-1.79%,-13.91%,11.91%,12.65%,-0.037,-0.332
全a 近10年,长期借款与资产总计之比,-4.99%,-5.93%,2.06%,2.22%,0.001,0.018
全a 近10年,筹资活动现金流量净额TTM,1.62%,2.50%,1.65%,1.72%,-0.006,-0.125
全a 近10年,个股收益的60日偏度,-2.65%,-10.43%,6.72%,6.94%,-0.026,-0.420
全a 近10年,20日平均换手率,-5.97%,2.09%,4.10%,5.44%,-0.044,-0.375
全a 近10年,市值因子,9.00%,-2.64%,2.79%,1.81%,-0.015,-0.089
全a 近10年,每股营业总收入,-9.57%,-0.43%,2.46%,1.73%,0.011,0.202
全a 近10年,20日平均换手率与120日平均换手率之比,0.70%,-20.44%,5.27%,6.54%,-0.037,-0.438
全a 近10年,有形净值债务率,-5.49%,-5.60%,1.83%,1.76%,-0.001,-0.017
全a 近10年,成交量指数平滑异同移动平均线,-4.44%,-21.07%,16.49%,24.51%,-0.032,-0.442
全a 近10年,动量因子,-7.91%,-7.08%,6.95%,7.20%,-0.010,-0.069
全a 近10年,总资产报酬率,-7.94%,-1.96%,2.35%,1.50%,0.011,0.137
全a 近10年,营业利润率,-8.23%,-2.63%,2.30%,1.43%,0.011,0.163
全a 近10年,每股留存收益,-10.04%,-0.17%,2.30%,1.32%,0.017,0.234
全a 近10年,人气指标,-3.59%,-12.42%,14.99%,15.37%,-0.042,-0.464
全a 近10年,长期负债与资产总计之比,-5.81%,-3.68%,1.95%,1.68%,0.001,0.018
全a 近10年,流动资产周转率TTM,-6.42%,-2.47%,1.79%,1.52%,0.006,0.127
全a 近10年,无息流动负债,-8.21%,-2.61%,2.89%,1.95%,0.013,0.175
全a 近10年,财务费用与营业总收入之比,-2.86%,-7.93%,1.61%,1.83%,-0.007,-0.134
全a 近10年,经营活动净收益/利润总额,-8.36%,-6.37%,2.68%,2.79%,0.000,0.013
全a 近10年,息税前利润,-11.55%,2.35%,3.40%,2.19%,0.025,0.328
全a 近10年,债务总资产比,-5.03%,-6.56%,1.59%,1.91%,-0.002,-0.031
全a 近10年,股东权益与固定资产比率,-4.09%,-7.77%,1.77%,1.52%,-0.001,-0.022
全a 近10年,个股收益的120日偏度,-0.32%,-9.74%,4.02%,4.89%,-0.023,-0.384
全a 近10年,净利润TTM,-10.19%,0.29%,2.87%,1.70%,0.023,0.295
全a 近10年,120日夏普比率,-3.81%,-11.21%,8.72%,9.57%,-0.029,-0.269
全a 近10年,非线性市值因子,0.70%,-7.83%,2.76%,4.04%,-0.019,-0.298
全a 近10年,经营活动净收益,-10.67%,2.21%,3.01%,2.08%,0.023,0.304
全a 近10年,60日平均换手率,1.61%,-19.37%,2.16%,3.16%,-0.038,-0.309
全a 近10年,市净率因子,-10.99%,0.93%,3.38%,2.15%,0.031,0.212
全a 近10年,经营活动产生的现金流量净额/负债合计,-10.68%,-2.14%,2.89%,2.52%,0.008,0.226
全a 近10年,每股营业收入,-9.55%,-0.72%,2.46%,1.72%,0.011,0.202
全a 近10年,经营活动产生的现金流量净额与营业收入之比,-1.85%,-4.07%,2.72%,2.25%,0.009,0.278
全a 近10年,营业利润与营业总收入之比,-8.10%,-2.51%,2.30%,1.43%,0.011,0.163
全a 近10年,每股经营活动产生的现金流量净额,-8.22%,-1.43%,2.82%,2.55%,0.009,0.237
全a 近10年,换手率相对波动率,7.54%,-32.21%,5.65%,6.79%,-0.059,-0.561
全a 近10年,资产回报率TTM,-7.84%,-2.21%,2.34%,1.48%,0.010,0.129
全a 近10年,管理费用与营业总收入之比,-3.75%,-6.34%,1.79%,1.87%,-0.007,-0.154
全a 近10年,固定资产周转率,-4.56%,-7.85%,1.76%,1.56%,0.000,0.008
全a 近10年,净利润增长率,-10.29%,-4.02%,2.25%,2.16%,0.006,0.135
全a 近10年,对联营和合营公司投资收益/利润总额,-1.15%,-1.19%,2.21%,2.43%,0.006,0.178
全a 近10年,息税折旧摊销前利润,-11.09%,0.88%,3.82%,2.72%,0.023,0.324
全a 近10年,资产减值损失TTM,-1.58%,-5.16%,2.19%,1.91%,0.004,0.082
全a 近10年,股东权益比率,-6.56%,-5.03%,1.91%,1.59%,0.002,0.031
全a 近10年,每股营业利润TTM,-9.16%,0.57%,2.51%,1.48%,0.015,0.184
全a 近10年,20日收益方差,2.73%,-22.76%,8.36%,9.14%,-0.056,-0.435
全a 近10年,归属于母公司股东的净利润TTM,-10.03%,0.37%,2.89%,1.71%,0.023,0.296
全a 近10年,营业成本TTM,-8.16%,-2.60%,2.64%,1.70%,0.014,0.184
全a 近10年,净资产增长率,-7.84%,-4.30%,2.47%,1.82%,0.005,0.083
全a 近10年,120日平均换手率,1.22%,-16.32%,1.85%,2.56%,-0.031,-0.271
全a 近10年,6日量变动速率指标,1.05%,-23.18%,56.52%,53.39%,-0.042,-0.602
全a 近10年,销售商品提供劳务收到的现金与营业收入之比,-5.40%,-3.66%,1.84%,1.98%,0.002,0.051
全a 近10年,现金比率,-9.88%,-2.08%,2.50%,1.94%,0.006,0.135
全a 近10年,现金流动负债比,-10.05%,-0.95%,2.25%,1.49%,0.011,0.248
全a 近10年,20日成交金额的标准差,-6.42%,4.31%,6.32%,7.33%,-0.052,-0.512
全a 近10年,现金流资产比和资产回报率之差,-8.45%,-3.45%,2.76%,3.11%,0.001,0.033
全a 近10年,ARBR,-4.05%,-14.61%,17.78%,17.21%,-0.014,-0.305
全a 近10年,每股收益TTM,-9.66%,0.72%,2.52%,1.50%,0.015,0.181
全a 近10年,20日资金流量,0.50%,-20.10%,3.33%,4.80%,-0.043,-0.369
全a 近10年,权益回报率TTM,-8.28%,-1.56%,2.42%,1.67%,0.011,0.145
全a 近10年,应付账款周转率,-2.91%,1.07%,1.77%,1.45%,0.006,0.169
全a 近10年,销售毛利率,-7.16%,-3.49%,1.88%,1.45%,0.003,0.057
全a 近10年,净债务,-6.90%,-3.38%,2.33%,1.74%,0.007,0.090
全a 近10年,扣除非经常损益后的净利润/净利润,-6.09%,-9.12%,2.50%,2.80%,-0.004,-0.163
全a 近10年,非经常性损益,-7.70%,-2.67%,3.15%,2.60%,0.009,0.285
全a 近10年,应收账款周转率,-6.23%,-0.22%,3.78%,3.78%,0.007,0.098
全a 近10年,股东权益周转率,-6.33%,-5.45%,1.86%,1.52%,-0.001,-0.016
全a 近10年,每股现金流量净额，根据当时日期来获取最近变更日的总股本,-6.51%,-2.57%,2.19%,2.02%,0.003,0.127
全a 近10年,流动性因子,0.62%,-18.72%,1.94%,3.35%,-0.042,-0.247
全a 近10年,60日收益方差,2.04%,-18.95%,3.54%,4.91%,-0.048,-0.338
全a 近10年,销售商品提供劳务收到的现金,-9.06%,-1.75%,2.99%,1.71%,0.018,0.220
全a 近10年,个股收益的60日峰度,-6.27%,-6.50%,8.11%,6.20%,0.001,0.018
全a 近10年,成交量的5日指数移动平均,1.40%,-21.11%,6.80%,9.35%,-0.048,-0.589
全a 近10年,毛利TTM,-8.86%,-0.42%,3.31%,1.70%,0.021,0.277
全a 近10年,240日平均换手率,1.33%,-13.64%,1.77%,2.19%,-0.026,-0.246
全a 近10年,成交量的26日指数移动平均,-4.95%,2.93%,3.22%,4.48%,-0.030,-0.368
全a 近10年,每股营业利润,-11.02%,3.44%,2.95%,2.00%,0.018,0.223
全a 近10年,成交量震荡,0.64%,-27.19%,12.77%,15.90%,-0.052,-0.597
全a 近10年,6日成交金额的标准差,4.29%,-29.52%,16.01%,16.05%,-0.066,-0.694
全a 近10年,成本费用利润率,-7.44%,-2.10%,2.34%,1.42%,0.010,0.152
全a 近10年,销售成本率,-3.54%,-7.21%,1.41%,1.87%,-0.004,-0.066
全a 近10年,每股资本公积金,-5.56%,-4.23%,1.72%,1.31%,0.000,0.004
全a 近10年,现金流量市值比,-5.98%,3.55%,2.05%,1.93%,0.018,0.168
全a 近10年,残差历史波动率,3.42%,-17.30%,1.27%,2.81%,-0.040,-0.229
全a 近10年,5年盈利增长率,-6.72%,-2.02%,1.92%,1.47%,0.001,0.012
全a 近10年,利润市值比,-7.17%,2.31%,2.42%,1.84%,0.023,0.175
全a 近10年,市场杠杆,-0.86%,-0.85%,1.65%,1.52%,0.006,0.050
全a 近10年,对数总市值,7.96%,1.07%,2.78%,1.61%,-0.014,-0.081
全a 近10年,季度平均平均月换手率,3.19%,-22.48%,1.46%,2.97%,-0.034,-0.178
全a 近10年,收益离差,3.08%,-11.68%,13.53%,11.54%,-0.029,-0.192
全a 近10年,市值立方因子,2.29%,-7.73%,2.65%,3.98%,-0.020,-0.308
全a 近10年,月换手率,3.97%,-28.94%,2.52%,4.57%,-0.045,-0.239
全a 近10年,账面杠杆,-1.04%,-2.48%,1.52%,1.64%,-0.002,-0.021
全a 近10年,成长因子,-7.85%,-3.50%,1.92%,1.53%,0.001,0.015
全a 近10年,盈利预期因子,-10.04%,0.96%,3.03%,2.18%,0.022,0.172
全a 近10年,年度平均月换手率,2.59%,-14.42%,1.01%,2.00%,-0.022,-0.124
全a 近10年,日收益率标准差,4.53%,-19.99%,1.90%,4.21%,-0.048,-0.233
全a 近10年,资产负债率,-3.73%,-1.34%,1.40%,1.57%,-0.002,-0.017
全a 近10年,相对强弱,-8.62%,-0.53%,6.95%,7.20%,-0.010,-0.068
全a 近10年,5年营业收入增长率,-5.44%,-0.11%,1.74%,1.38%,0.001,0.011
全a 近10年,残差波动因子,3.98%,-23.17%,3.80%,5.86%,-0.058,-0.458
全a 近10年,BETA,-5.60%,-5.43%,3.25%,3.63%,-0.005,-0.025
全a 近10年,5日移动均线,-22.32%,-6.04%,47.11%,42.66%,0.050,0.424
全a 近10年,上轨线（布林线）指标,-15.46%,-6.00%,28.48%,15.91%,0.022,0.169
全a 近10年,26日指数移动均线,-22.57%,-2.30%,23.52%,20.05%,0.057,0.429
全a 近10年,资金流量指标,-3.52%,-15.17%,21.43%,22.47%,-0.034,-0.376
全a 近10年,120日指数移动均线,-19.12%,-2.22%,12.76%,9.85%,0.044,0.340
全a 近10年,60日移动均线,-21.04%,-2.63%,14.78%,11.86%,0.049,0.369
全a 近10年,120日移动均线,-18.26%,-1.98%,11.24%,8.69%,0.041,0.318
全a 近10年,下轨线（布林线）指标,-22.10%,-4.12%,17.82%,24.45%,0.062,0.582
全a 近10年,12日指数移动均线,-23.99%,-2.68%,32.73%,28.60%,0.059,0.453
全a 近10年,5日指数移动均线,-23.92%,-5.36%,47.30%,42.14%,0.055,0.443
全a 近10年,20日指数移动均线,-22.43%,-2.24%,26.28%,22.66%,0.058,0.440
全a 近10年,20日移动均线,-21.85%,-3.21%,23.65%,19.97%,0.055,0.427
全a 近10年,平滑异同移动平均线,-5.35%,-20.10%,12.84%,16.20%,-0.038,-0.351
全a 近10年,10日指数移动均线,-23.56%,-3.06%,35.37%,31.07%,0.059,0.453
全a 近10年,10日移动均线,3.86%,-5.63%,33.34%,29.51%,0.060,0.466
全a 近10年,5日乖离率,-5.88%,-22.62%,42.66%,47.13%,-0.050,-0.424
全a 近10年,当前股价除以过去一年股价均值再减1,-3.91%,-15.04%,6.18%,8.57%,-0.032,-0.267
全a 近10年,当前股价除以过去三个月股价均值再减1,-2.70%,-20.73%,11.78%,14.74%,-0.048,-0.367
全a 近10年,当前股价除以过去一个月股价均值再减1,-2.92%,-21.55%,19.53%,23.18%,-0.054,-0.424
全a 近10年,12日收盘价格与日期线性回归系数,-4.41%,-20.50%,15.66%,15.90%,-0.039,-0.343
全a 近10年,BBI 动量,-23.53%,-3.22%,34.95%,30.44%,0.059,0.457
全a 近10年,12日变动速率（Price Rate of Change）,-4.55%,-20.75%,23.94%,23.38%,-0.047,-0.395
全a 近10年,120日变动速率（Price Rate of Change）,-3.15%,-12.29%,9.19%,9.30%,-0.027,-0.234
全a 近10年,60日乖离率,-2.72%,-20.89%,11.86%,14.81%,-0.049,-0.368
全a 近10年,20日变动速率（Price Rate of Change）,-3.46%,-20.04%,19.08%,18.63%,-0.047,-0.392
全a 近10年,Aroon指标下轨,-9.13%,-8.48%,22.85%,22.75%,0.016,0.190
全a 近10年,单日价量趋势12均值,-6.91%,-17.02%,21.03%,18.80%,-0.042,-0.454
全a 近10年,当前交易量相比过去1个月日均交易量 与过去过去20日日均收益率乘积,-7.17%,-22.07%,25.45%,25.44%,-0.046,-0.398
全a 近10年,20日顺势指标,-7.21%,-15.55%,23.38%,26.21%,-0.042,-0.369
全a 近10年,6日收盘价格与日期线性回归系数,-1.84%,-23.73%,29.81%,29.62%,-0.047,-0.398
全a 近10年,CR指标,-2.93%,-14.74%,17.02%,18.26%,-0.041,-0.369
全a 近10年,60日变动速率（Price Rate of Change）,-1.48%,-17.20%,12.23%,12.05%,-0.035,-0.285
全a 近10年,20日乖离率,-2.83%,-21.83%,20.00%,23.69%,-0.055,-0.426
全a 近10年,多头力道,-4.59%,-23.06%,27.81%,31.01%,-0.058,-0.477
全a 近10年,Aroon指标上轨,-4.01%,0.46%,21.78%,21.92%,-0.032,-0.382
全a 近10年,单日价量趋势6日均值,-4.29%,-19.58%,30.13%,27.85%,-0.046,-0.476
全a 近10年,10日终极指标TRIX,-3.88%,-17.61%,7.05%,8.55%,-0.036,-0.290
全a 近10年,10日顺势指标,-5.34%,-16.31%,35.21%,37.79%,-0.042,-0.369
全a 近10年,88日顺势指标,-5.06%,-13.93%,10.90%,13.21%,-0.040,-0.346
全a 近10年,24日收盘价格与日期线性回归系数,-3.52%,-17.68%,8.53%,9.02%,-0.035,-0.303
全a 近10年,10日乖离率,-3.19%,-23.51%,28.90%,32.94%,-0.055,-0.441
全a 近10年,6日变动速率（Price Rate of Change）,-2.39%,-23.93%,33.11%,32.18%,-0.051,-0.432
全a 近10年,当前价格处于过去1年股价的位置,-12.75%,-5.82%,12.50%,11.08%,0.034,0.318
全a 近10年,梅斯线,-1.88%,-16.61%,9.29%,9.46%,-0.030,-0.355
全a 近10年,空头力道,-9.07%,-15.58%,26.34%,31.45%,-0.027,-0.210
全a 近10年,单日价量趋势,-7.48%,-21.34%,71.35%,74.05%,-0.038,-0.411
全a 近10年,5日终极指标TRIX,-3.15%,-21.25%,13.20%,15.37%,-0.044,-0.359
全a 近10年,1减去 过去一个月收益率排名与股票总数的比值,-21.79%,-3.48%,18.73%,19.20%,0.047,0.384
全a 近10年,15日顺势指标,-6.55%,-16.10%,27.65%,30.41%,-0.042,-0.367
全a 近10年,市值,-3.83%,-2.49%,2.79%,1.78%,-0.008,-0.063
全a 近10年,现金流市值比,-5.69%,-0.54%,2.47%,2.36%,0.004,0.148
全a 近10年,营收市值比,-8.26%,-0.93%,2.76%,2.05%,0.020,0.233
全a 近10年,流通市值,-5.38%,-2.11%,2.77%,1.77%,-0.004,-0.036
全a 近10年,PEG,0.45%,-7.02%,2.92%,3.38%,-0.007,-0.162
全a 近10年,财务杠杆指数,-2.35%,-4.05%,1.74%,1.76%,-0.002,-0.071
全a 近10年,营业收入指数,-7.17%,-5.07%,2.11%,1.73%,0.000,0.009
全a 近10年,毛利率指数,-4.88%,-6.39%,1.89%,1.95%,-0.001,-0.037
全a 近10年,经营性资产,-8.32%,-2.52%,2.97%,1.70%,0.016,0.175
全a 近10年,金融资产,-9.46%,-0.83%,3.34%,1.86%,0.019,0.272
全a 近10年,经营性负债,-9.05%,-2.21%,2.99%,1.94%,0.014,0.171
全a 近10年,应收账款指数,-5.41%,-7.58%,1.87%,1.79%,-0.001,-0.037
全a 近10年,金融负债,-6.14%,-3.44%,2.48%,1.83%,0.009,0.123
全a 近10年,经营资产回报率TTM,-9.26%,-2.15%,2.38%,1.52%,0.010,0.143
全a 近10年,销售利润率TTM,-8.22%,-2.79%,2.29%,1.42%,0.010,0.157
全a 近10年,长期权益回报率TTM,-8.77%,-1.28%,2.24%,1.60%,0.013,0.202
全a 近10年,经营资产周转率TTM,-6.66%,-4.10%,1.90%,1.62%,0.005,0.100
全a 近10年,长期资产回报率TTM,-8.19%,-0.84%,2.18%,1.36%,0.013,0.184
全a 近10年,销售管理费用指数,-4.74%,-4.73%,1.95%,1.94%,-0.002,-0.057
全a 近10年,长期毛利率增长,-6.18%,-3.81%,2.00%,1.86%,0.003,0.104
全a 近10年,最大盈利水平,-8.10%,-1.26%,1.99%,2.02%,0.006,0.181
全a 近10年,盈利能力稳定性,-9.71%,-0.84%,2.11%,1.39%,0.012,0.232
全a 近10年,投资资本回报率TTM,-8.90%,-1.58%,2.40%,1.55%,0.011,0.137
全a 近10年,预期市盈率,-7.41%,5.94%,2.86%,1.98%,0.018,0.116
全a 近10年,RAW BETA,2.03%,-5.87%,3.25%,3.63%,-0.005,-0.025
全a 近10年,预期短期盈利增长率,-0.01%,-3.75%,2.54%,2.61%,-0.010,-0.095
全a 近10年,预期长期盈利增长率,0.21%,0.25%,3.12%,5.00%,0.002,0.019
全a 近10年,不复权价格因子,3.79%,1.02%,2.42%,2.47%,-0.017,-0.107
全a 近10年,规模因子,1.35%,-7.03%,2.03%,4.65%,-0.012,-0.131
全a 近10年,流动性因子,3.17%,-22.66%,1.45%,2.79%,-0.033,-0.177
全a 近10年,分红收益率因子,-4.72%,3.41%,3.53%,2.59%,0.015,0.099
全a 近10年,质量因子,-9.48%,-5.18%,3.05%,3.50%,-0.001,-0.010
全a 近10年,价值因子,1.29%,-3.58%,2.44%,1.86%,0.030,0.226
全a 近10年,成长因子,-2.21%,-1.29%,3.91%,3.81%,-0.000,-0.000
全a 近10年,动量因子,-0.72%,-11.44%,13.06%,13.21%,-0.041,-0.315
全a 近10年,波动率因子,3.80%,-3.64%,1.82%,2.51%,-0.034,-0.138
全a 近10年,情绪因子,0.44%,-2.65%,5.44%,5.92%,0.005,0.097
全a 近10年,市场波动率因子,3.31%,-7.68%,1.83%,2.26%,-0.009,-0.046
全a 近10年,相对动量因子,-3.59%,1.71%,2.84%,3.07%,-0.013,-0.090
全a 近10年,长期反转因子,-5.05%,0.35%,3.38%,3.46%,0.005,0.062
全a 近10年,残余波动率因子,6.51%,-16.06%,1.40%,3.37%,-0.045,-0.223
全a 近10年,流动性因子,3.24%,-19.86%,1.46%,3.09%,-0.034,-0.185
全a 近10年,市值规模因子,7.97%,1.06%,2.78%,1.61%,-0.014,-0.081
全a 近10年,中等市值因子,0.38%,1.33%,2.62%,4.09%,-0.020,-0.295
全a 近10年,市净率因子,-1.20%,4.26%,3.38%,2.15%,0.032,0.214
全a 近10年,盈利能力因子,-1.56%,-2.14%,1.80%,1.17%,0.003,0.031
全a 近10年,财务杠杆因子,-0.52%,2.69%,1.41%,1.54%,0.001,0.006
全a 近10年,投资能力因子,-4.71%,-2.21%,1.50%,1.80%,0.007,0.076
全a 近10年,分红因子,-3.93%,-2.32%,4.33%,2.47%,0.018,0.174
全a 近10年,盈利质量因子,-1.85%,-3.01%,1.54%,1.91%,0.003,0.044
全a 近10年,收益因子,-8.33%,3.75%,3.08%,2.14%,0.023,0.175
全a 近10年,长期成长因子,-7.91%,-3.07%,2.29%,2.21%,-0.003,-0.045
全a 近10年,盈利变动率因子,1.73%,-7.61%,1.96%,2.46%,-0.011,-0.161
全a近3年,净利润与营业总收入之比,-2.65%,-0.56%,2.02%,1.14%,0.011,0.132
全a近3年,心理线指标,4.81%,-8.88%,24.73%,25.57%,-0.026,-0.347
全a近3年,12日量变动速率指标,3.32%,-13.26%,46.47%,44.48%,-0.043,-0.608
全a近3年,6日成交金额的移动平均值,4.91%,-19.28%,6.17%,8.78%,-0.062,-0.558
全a近3年,每股营业总收入TTM,0.64%,0.02%,1.91%,1.22%,0.005,0.085
全a近3年,经营活动产生的现金流量净额与企业价值之比TTM,-6.73%,4.06%,2.19%,2.08%,0.023,0.312
全a近3年,应付账款周转天数,2.99%,-5.64%,1.39%,1.45%,-0.008,-0.200
全a近3年,销售净利率,-2.57%,-0.57%,2.01%,1.14%,0.011,0.131
全a近3年,营业外收支利润净额/利润总额,4.36%,1.81%,1.92%,1.90%,0.002,0.087
全a近3年,营业收入增长率,-2.66%,-0.09%,2.00%,1.65%,0.001,0.010
全a近3年,净运营资本,-4.58%,-0.44%,2.14%,1.26%,0.013,0.228
全a近3年,成交量的10日指数移动平均,-2.22%,-10.72%,3.98%,6.31%,-0.043,-0.532
全a近3年,成交量比率（Volume Ratio）,-1.86%,-4.20%,18.88%,19.77%,-0.029,-0.347
全a近3年,5日平均换手率,6.52%,-26.48%,7.32%,9.76%,-0.066,-0.576
全a近3年,意愿指标,-5.91%,-1.51%,16.16%,17.04%,-0.039,-0.410
全a近3年,营业总收入TTM,-1.21%,-0.96%,2.70%,1.48%,0.019,0.209
全a近3年,12日成交量的移动平均值,-2.41%,-10.28%,3.53%,5.75%,-0.042,-0.512
全a近3年,营业利润TTM,-1.62%,1.24%,2.44%,1.39%,0.021,0.194
全a近3年,固定资产比率,-6.19%,-3.30%,1.31%,1.33%,0.001,0.022
全a近3年,120日收益方差,2.00%,-10.84%,2.13%,3.15%,-0.048,-0.312
全a近3年,应收账款周转天数,-2.34%,-3.70%,1.55%,1.40%,-0.009,-0.124
全a近3年,经营活动现金流量净额TTM,-2.41%,1.35%,2.44%,1.61%,0.019,0.215
全a近3年,营业收入TTM,-0.89%,-1.05%,2.68%,1.47%,0.019,0.210
全a近3年,20日成交金额的移动平均值,3.77%,-15.67%,2.97%,4.69%,-0.049,-0.416
全a近3年,5日平均换手率与120日平均换手率,3.68%,-17.04%,11.51%,14.20%,-0.055,-0.688
全a近3年,每股现金及现金等价物余额,-2.51%,-1.50%,2.23%,1.23%,0.006,0.090
全a近3年,计算VMACD因子的中间变量,4.08%,-7.64%,9.77%,14.73%,-0.044,-0.558
全a近3年,总资产增长率,-3.60%,-2.81%,2.17%,1.54%,0.001,0.018
全a近3年,杠杆因子,-3.74%,1.05%,1.12%,1.43%,0.001,0.009
全a近3年,威廉变异离散量,2.36%,-12.14%,31.16%,29.57%,-0.035,-0.387
全a近3年,毛利率增长,-6.17%,0.59%,1.90%,1.91%,0.005,0.151
全a近3年,因子WVAD的6日均值,1.09%,-4.88%,15.79%,15.89%,-0.032,-0.373
全a近3年,营业费用与营业总收入之比,4.55%,-10.26%,1.51%,1.30%,-0.005,-0.093
全a近3年,每股盈余公积金,-3.96%,-3.21%,1.69%,1.11%,0.011,0.159
全a近3年,10日成交量标准差,-2.19%,-14.09%,8.82%,9.61%,-0.051,-0.657
全a近3年,带息流动负债,-1.89%,-1.97%,2.20%,1.63%,0.010,0.137
全a近3年,销售税金率,-0.54%,-0.85%,1.36%,1.43%,0.001,0.043
全a近3年,存货周转天数,-8.29%,-5.28%,1.48%,1.25%,-0.005,-0.076
全a近3年,营业周期,-5.43%,-7.47%,1.59%,1.46%,-0.009,-0.123
全a近3年,14日均幅指标,7.13%,-9.07%,2.78%,4.28%,-0.038,-0.387
全a近3年,经营活动产生的现金流量净额与经营活动净收益之比,-5.13%,2.42%,1.95%,1.76%,0.009,0.309
全a近3年,净利润现金含量,-7.87%,2.30%,2.46%,2.41%,0.006,0.265
全a近3年,经营活动产生的现金流量净额增长率,-3.81%,3.30%,2.06%,2.04%,0.006,0.204
全a近3年,销售费用TTM,-2.56%,-1.31%,2.07%,1.49%,0.010,0.167
全a近3年,留存收益,-1.27%,0.73%,2.50%,1.39%,0.025,0.251
全a近3年,营业总成本TTM,-0.69%,-1.40%,2.52%,1.48%,0.017,0.197
全a近3年,速动比率,-5.43%,-4.66%,1.83%,1.25%,0.001,0.010
全a近3年,个股收益的20日偏度,4.08%,-5.21%,16.22%,14.54%,-0.026,-0.403
全a近3年,利润总额增长率,-5.45%,-2.70%,1.90%,1.91%,0.004,0.087
全a近3年,营业外收支净额TTM,-1.89%,-1.85%,1.52%,1.49%,0.001,0.055
全a近3年,无形资产比率,-3.54%,-2.10%,1.23%,1.32%,0.001,0.041
全a近3年,归属母公司股东的净利润增长率,-7.04%,-3.23%,1.91%,1.93%,0.003,0.074
全a近3年,市场杠杆,-2.06%,-3.08%,1.73%,1.94%,0.009,0.123
全a近3年,个股收益的20日峰度,-1.54%,-2.24%,19.13%,15.28%,-0.006,-0.119
全a近3年,20日夏普比率,-0.29%,-9.55%,19.75%,20.66%,-0.047,-0.441
全a近3年,筹资活动产生的现金流量净额增长率,-0.26%,-0.50%,2.04%,2.07%,0.001,0.045
全a近3年,投资活动现金流量净额TTM,-1.41%,-2.94%,1.58%,2.37%,-0.008,-0.146
全a近3年,产权比率,-2.25%,-4.43%,1.38%,1.65%,-0.001,-0.018
全a近3年,10日平均换手率,5.88%,-25.17%,4.62%,6.68%,-0.061,-0.517
全a近3年,10日平均换手率与120日平均换手率之比,1.07%,-16.35%,7.33%,9.52%,-0.048,-0.605
全a近3年,计算VMACD因子的中间变量,2.33%,-7.71%,6.08%,9.12%,-0.035,-0.460
全a近3年,超速动比率,-6.01%,-2.89%,1.84%,1.23%,0.001,0.009
全a近3年,存货周转率,-4.15%,-5.86%,1.43%,1.40%,0.006,0.072
全a近3年,财务费用TTM,-3.61%,-1.61%,1.18%,1.36%,-0.004,-0.061
全a近3年,营业利润增长率,-4.92%,-3.01%,1.91%,1.92%,0.004,0.083
全a近3年,每股未分配利润,-1.96%,0.55%,2.05%,1.13%,0.010,0.126
全a近3年,20日成交量标准差,-2.49%,-10.08%,4.82%,5.87%,-0.043,-0.532
全a近3年,长期负债与营运资金比率,-4.44%,0.64%,1.71%,1.55%,0.005,0.201
全a近3年,流动比率(单季度),-6.41%,-4.62%,1.82%,1.27%,0.001,0.009
全a近3年,经营活动产生现金流量净额/净债务,-8.58%,-0.28%,2.09%,2.07%,0.006,0.239
全a近3年,总资产现金回收率,-7.14%,-1.03%,1.95%,1.57%,0.012,0.230
全a近3年,6日均幅指标,7.41%,-11.09%,4.88%,7.64%,-0.046,-0.473
全a近3年,每股营业收入TTM,0.61%,0.04%,1.91%,1.22%,0.005,0.087
全a近3年,管理费用TTM,0.08%,-0.82%,2.47%,1.56%,0.016,0.181
全a近3年,净利息费用,-7.56%,-3.91%,1.41%,2.55%,-0.028,-0.121
全a近3年,非流动资产比率,-5.78%,-4.16%,1.28%,1.52%,0.002,0.039
全a近3年,价值变动净收益TTM,2.24%,-0.77%,2.16%,1.78%,0.010,0.209
全a近3年,每股净资产,-4.03%,-3.12%,2.01%,0.93%,0.005,0.051
全a近3年,总资产周转率,-3.42%,1.70%,1.39%,1.37%,0.005,0.108
全a近3年,利润总额TTM,-1.63%,1.28%,2.43%,1.40%,0.021,0.195
全a近3年,个股收益的120日峰度,0.93%,1.26%,4.80%,3.31%,0.007,0.124
全a近3年,60日夏普比率,2.33%,-4.16%,12.03%,12.84%,-0.036,-0.310
全a近3年,长期借款与资产总计之比,-2.53%,0.41%,1.65%,1.62%,0.001,0.033
全a近3年,筹资活动现金流量净额TTM,-0.80%,1.72%,1.39%,1.50%,-0.010,-0.165
全a近3年,个股收益的60日偏度,4.17%,-5.96%,6.88%,6.32%,-0.027,-0.379
全a近3年,20日平均换手率,5.62%,-21.03%,3.07%,4.76%,-0.054,-0.447
全a近3年,市值因子,17.60%,-3.16%,2.68%,1.79%,-0.025,-0.116
全a近3年,每股营业总收入,-0.19%,1.11%,2.17%,1.45%,0.007,0.102
全a近3年,20日平均换手率与120日平均换手率之比,5.30%,-14.56%,4.98%,6.57%,-0.039,-0.483
全a近3年,有形净值债务率,-2.42%,-3.40%,1.45%,1.58%,-0.001,-0.016
全a近3年,成交量指数平滑异同移动平均线,4.75%,-9.59%,15.73%,23.74%,-0.030,-0.409
全a近3年,动量因子,-9.46%,-1.59%,6.71%,7.86%,-0.011,-0.068
全a近3年,总资产报酬率,0.23%,-1.58%,2.06%,1.27%,0.010,0.110
全a近3年,营业利润率,-2.98%,-0.52%,2.01%,1.14%,0.011,0.138
全a近3年,每股留存收益,-2.52%,-0.12%,2.09%,1.13%,0.011,0.133
全a近3年,人气指标,-6.17%,-5.17%,14.99%,14.93%,-0.049,-0.516
全a近3年,长期负债与资产总计之比,-6.07%,-4.25%,1.55%,1.47%,0.000,0.004
全a近3年,流动资产周转率TTM,-5.83%,-1.25%,1.47%,1.41%,0.007,0.121
全a近3年,无息流动负债,0.83%,-2.15%,2.46%,1.66%,0.014,0.162
全a近3年,财务费用与营业总收入之比,-1.11%,-3.80%,1.23%,1.68%,-0.006,-0.106
全a近3年,经营活动净收益/利润总额,-7.04%,-1.62%,2.39%,2.44%,0.002,0.092
全a近3年,息税前利润,-2.06%,2.59%,2.90%,1.83%,0.023,0.224
全a近3年,债务总资产比,-2.51%,-6.03%,1.23%,1.76%,-0.003,-0.041
全a近3年,股东权益与固定资产比率,-2.13%,-6.53%,1.51%,1.29%,0.002,0.033
全a近3年,个股收益的120日偏度,4.89%,-5.12%,3.99%,4.12%,-0.026,-0.339
全a近3年,净利润TTM,-1.51%,0.93%,2.41%,1.41%,0.021,0.195
全a近3年,120日夏普比率,-3.07%,-2.94%,8.85%,9.65%,-0.030,-0.258
全a近3年,非线性市值因子,0.09%,-5.03%,2.67%,4.09%,-0.022,-0.287
全a近3年,经营活动净收益,-3.27%,2.65%,2.68%,1.78%,0.021,0.215
全a近3年,60日平均换手率,4.89%,-12.32%,1.88%,2.98%,-0.042,-0.346
全a近3年,市净率因子,-9.65%,6.24%,3.29%,2.06%,0.039,0.245
全a近3年,经营活动产生的现金流量净额/负债合计,-10.11%,-1.34%,2.55%,2.16%,0.010,0.236
全a近3年,每股营业收入,-0.12%,1.05%,2.18%,1.45%,0.007,0.103
全a近3年,经营活动产生的现金流量净额与营业收入之比,-3.08%,3.15%,1.90%,1.43%,0.011,0.254
全a近3年,营业利润与营业总收入之比,-2.53%,-0.40%,2.02%,1.14%,0.011,0.139
全a近3年,每股经营活动产生的现金流量净额,-7.22%,3.07%,2.56%,2.24%,0.011,0.219
全a近3年,换手率相对波动率,8.41%,-31.13%,5.49%,6.58%,-0.061,-0.567
全a近3年,资产回报率TTM,0.44%,-1.05%,2.04%,1.26%,0.009,0.105
全a近3年,管理费用与营业总收入之比,0.37%,-0.74%,1.58%,1.64%,-0.009,-0.180
全a近3年,固定资产周转率,0.54%,-6.32%,1.46%,1.37%,0.003,0.066
全a近3年,净利润增长率,-6.78%,-3.04%,1.90%,1.95%,0.003,0.073
全a近3年,对联营和合营公司投资收益/利润总额,-4.02%,-1.52%,1.93%,2.08%,0.007,0.182
全a近3年,息税折旧摊销前利润,-2.32%,1.43%,3.53%,2.46%,0.024,0.245
全a近3年,资产减值损失TTM,-8.29%,-3.51%,2.09%,1.83%,0.005,0.121
全a近3年,股东权益比率,-6.02%,-2.52%,1.75%,1.23%,0.003,0.041
全a近3年,每股营业利润TTM,-2.06%,1.21%,2.19%,1.18%,0.010,0.104
全a近3年,20日收益方差,3.98%,-17.70%,8.21%,8.59%,-0.061,-0.461
全a近3年,归属于母公司股东的净利润TTM,-1.39%,0.76%,2.44%,1.42%,0.021,0.196
全a近3年,营业成本TTM,0.70%,-0.86%,2.27%,1.57%,0.015,0.177
全a近3年,净资产增长率,-1.38%,-1.23%,2.10%,1.56%,0.004,0.051
全a近3年,120日平均换手率,3.41%,-8.97%,1.60%,2.37%,-0.036,-0.301
全a近3年,6日量变动速率指标,5.63%,-14.78%,54.34%,51.60%,-0.037,-0.517
全a近3年,销售商品提供劳务收到的现金与营业收入之比,-5.15%,-0.59%,1.56%,1.75%,0.004,0.068
全a近3年,现金比率,-9.19%,-3.52%,1.96%,1.32%,0.004,0.078
全a近3年,现金流动负债比,-5.90%,3.40%,1.91%,1.21%,0.012,0.226
全a近3年,20日成交金额的标准差,3.80%,-20.33%,5.39%,6.54%,-0.057,-0.518
全a近3年,现金流资产比和资产回报率之差,-7.52%,0.86%,2.51%,2.80%,0.003,0.102
全a近3年,ARBR,2.66%,-12.84%,13.16%,11.76%,-0.018,-0.329
全a近3年,每股收益TTM,-1.19%,0.88%,2.17%,1.17%,0.010,0.099
全a近3年,20日资金流量,3.88%,-15.68%,2.97%,4.69%,-0.049,-0.416
全a近3年,权益回报率TTM,-0.60%,-0.93%,2.09%,1.47%,0.010,0.109
全a近3年,应付账款周转率,-5.80%,4.83%,1.53%,1.32%,0.009,0.212
全a近3年,销售毛利率,-4.59%,-5.28%,1.71%,1.10%,0.000,0.007
全a近3年,净债务,-0.26%,-1.92%,1.87%,1.54%,0.007,0.085
全a近3年,扣除非经常损益后的净利润/净利润,-3.06%,-5.72%,2.28%,2.50%,-0.007,-0.231
全a近3年,非经常性损益,-3.57%,-1.82%,2.96%,2.28%,0.008,0.202
全a近3年,应收账款周转率,-6.28%,-2.12%,3.38%,3.14%,0.008,0.101
全a近3年,股东权益周转率,-2.54%,-0.74%,1.66%,1.19%,0.000,0.002
全a近3年,每股现金流量净额，根据当时日期来获取最近变更日的总股本,-2.31%,1.17%,1.68%,1.74%,0.001,0.053
全a近3年,流动性因子,1.42%,-9.40%,1.71%,3.17%,-0.047,-0.248
全a近3年,60日收益方差,3.64%,-11.68%,3.34%,4.37%,-0.053,-0.360
全a近3年,销售商品提供劳务收到的现金,-4.49%,-1.32%,2.70%,1.54%,0.019,0.210
全a近3年,个股收益的60日峰度,-1.98%,2.54%,8.06%,5.84%,0.000,0.007
全a近3年,成交量的5日指数移动平均,-2.21%,-12.82%,6.36%,9.04%,-0.048,-0.599
全a近3年,毛利TTM,-1.36%,-0.71%,3.00%,1.52%,0.020,0.220
全a近3年,240日平均换手率,4.28%,-9.15%,1.54%,2.00%,-0.030,-0.274
全a近3年,成交量的26日指数移动平均,-2.97%,-8.07%,2.19%,3.99%,-0.035,-0.425
全a近3年,每股营业利润,-5.10%,3.58%,2.54%,1.57%,0.013,0.145
全a近3年,成交量震荡,3.87%,-20.82%,12.12%,15.64%,-0.052,-0.641
全a近3年,6日成交金额的标准差,4.76%,-23.47%,15.74%,15.59%,-0.068,-0.714
全a近3年,成本费用利润率,-3.43%,1.79%,2.01%,1.11%,0.010,0.128
全a近3年,销售成本率,-5.52%,-4.72%,1.07%,1.70%,-0.001,-0.019
全a近3年,每股资本公积金,-1.65%,-1.06%,1.49%,0.89%,-0.006,-0.073
全a近3年,现金流量市值比,-3.94%,5.38%,1.85%,1.82%,0.021,0.150
全a近3年,残差历史波动率,2.99%,-10.77%,1.13%,2.46%,-0.041,-0.192
全a近3年,5年盈利增长率,-4.73%,-2.87%,1.80%,1.38%,-0.002,-0.024
全a近3年,利润市值比,-7.11%,3.86%,2.03%,1.68%,0.020,0.120
全a近3年,市场杠杆,-4.74%,0.16%,1.38%,1.41%,0.007,0.054
全a近3年,对数总市值,17.19%,-0.81%,2.63%,1.49%,-0.023,-0.104
全a近3年,季度平均平均月换手率,0.76%,-18.64%,1.20%,2.79%,-0.035,-0.162
全a近3年,收益离差,3.88%,-11.60%,13.47%,11.04%,-0.037,-0.200
全a近3年,市值立方因子,0.20%,-5.06%,2.44%,3.84%,-0.023,-0.290
全a近3年,月换手率,1.29%,-27.13%,2.21%,4.44%,-0.046,-0.217
全a近3年,账面杠杆,-3.36%,-3.11%,1.27%,1.43%,-0.002,-0.017
全a近3年,成长因子,-7.47%,-2.48%,1.87%,1.45%,-0.002,-0.019
全a近3年,盈利预期因子,-8.70%,5.25%,3.09%,2.20%,0.024,0.148
全a近3年,年度平均月换手率,0.28%,-12.39%,0.82%,1.82%,-0.023,-0.112
全a近3年,日收益率标准差,3.59%,-14.45%,1.63%,3.63%,-0.051,-0.202
全a近3年,资产负债率,-3.60%,-0.73%,1.10%,1.52%,-0.001,-0.013
全a近3年,相对强弱,-9.51%,-1.49%,6.71%,7.86%,-0.011,-0.068
全a近3年,5年营业收入增长率,-7.49%,-3.27%,1.72%,1.25%,-0.002,-0.021
全a近3年,残差波动因子,9.16%,-15.93%,3.73%,5.16%,-0.060,-0.460
全a近3年,BETA,1.44%,2.71%,2.97%,3.03%,-0.015,-0.058
全a近3年,5日移动均线,-10.75%,-5.87%,46.82%,42.07%,0.036,0.295
全a近3年,上轨线（布林线）指标,-8.45%,-2.59%,28.39%,15.83%,0.015,0.113
全a近3年,26日指数移动均线,-12.22%,-0.98%,23.65%,20.24%,0.054,0.403
全a近3年,资金流量指标,1.57%,-7.23%,21.39%,22.51%,-0.037,-0.426
全a近3年,120日指数移动均线,-10.01%,-3.56%,13.00%,9.92%,0.047,0.332
全a近3年,60日移动均线,-11.97%,-2.92%,14.94%,11.87%,0.049,0.358
全a近3年,120日移动均线,-8.85%,-2.35%,11.37%,8.73%,0.043,0.315
全a近3年,下轨线（布林线）指标,-14.76%,-1.39%,17.40%,24.49%,0.063,0.579
全a近3年,12日指数移动均线,-15.10%,-0.26%,32.78%,28.69%,0.051,0.386
全a近3年,5日指数移动均线,-13.76%,-2.87%,46.98%,41.90%,0.041,0.322
全a近3年,20日指数移动均线,-12.46%,-0.39%,26.39%,22.85%,0.054,0.403
全a近3年,20日移动均线,-13.38%,0.67%,23.67%,20.10%,0.052,0.400
全a近3年,平滑异同移动平均线,0.63%,-13.89%,12.98%,16.29%,-0.038,-0.325
全a近3年,10日指数移动均线,-14.11%,-0.71%,35.34%,31.12%,0.049,0.375
全a近3年,10日移动均线,-15.41%,-0.16%,32.83%,28.72%,0.046,0.351
全a近3年,5日乖离率,-5.53%,-10.85%,42.07%,46.83%,-0.036,-0.295
全a近3年,当前股价除以过去一年股价均值再减1,-6.81%,-6.73%,6.28%,8.86%,-0.036,-0.264
全a近3年,当前股价除以过去三个月股价均值再减1,-3.30%,-12.20%,11.76%,14.90%,-0.049,-0.356
全a近3年,当前股价除以过去一个月股价均值再减1,1.22%,-12.03%,19.68%,23.19%,-0.052,-0.402
全a近3年,12日收盘价格与日期线性回归系数,1.21%,-13.71%,15.60%,15.99%,-0.040,-0.339
全a近3年,BBI 动量,-13.85%,-0.72%,34.92%,30.52%,0.051,0.387
全a近3年,12日变动速率（Price Rate of Change）,0.29%,-14.79%,23.98%,23.37%,-0.047,-0.392
全a近3年,120日变动速率（Price Rate of Change）,-2.23%,-1.66%,9.01%,9.09%,-0.030,-0.233
全a近3年,60日乖离率,-3.16%,-12.06%,11.85%,14.96%,-0.049,-0.357
全a近3年,20日变动速率（Price Rate of Change）,-1.52%,-12.72%,19.18%,18.60%,-0.049,-0.391
全a近3年,Aroon指标下轨,-3.46%,-1.32%,22.84%,22.29%,0.020,0.233
全a近3年,单日价量趋势12均值,-1.40%,-9.13%,21.67%,18.98%,-0.045,-0.531
全a近3年,当前交易量相比过去1个月日均交易量 与过去过去20日日均收益率乘积,-2.89%,-13.26%,25.06%,25.01%,-0.051,-0.429
全a近3年,20日顺势指标,-2.56%,-6.81%,23.66%,26.36%,-0.044,-0.380
全a近3年,6日收盘价格与日期线性回归系数,-1.38%,-14.70%,29.28%,29.57%,-0.036,-0.287
全a近3年,CR指标,-0.78%,-7.70%,17.01%,18.24%,-0.043,-0.385
全a近3年,60日变动速率（Price Rate of Change）,-1.04%,-7.78%,12.10%,11.90%,-0.036,-0.271
全a近3年,20日乖离率,1.26%,-13.04%,20.14%,23.69%,-0.052,-0.400
全a近3年,多头力道,-3.57%,-16.89%,27.85%,30.84%,-0.055,-0.445
全a近3年,Aroon指标上轨,-5.54%,-4.65%,20.58%,20.90%,-0.029,-0.331
全a近3年,单日价量趋势6日均值,-0.90%,-11.56%,30.46%,28.00%,-0.040,-0.428
全a近3年,10日终极指标TRIX,-2.49%,-10.17%,6.89%,8.51%,-0.039,-0.306
全a近3年,10日顺势指标,-0.43%,-7.94%,35.21%,37.61%,-0.038,-0.323
全a近3年,88日顺势指标,-4.83%,-6.27%,10.81%,13.68%,-0.040,-0.347
全a近3年,24日收盘价格与日期线性回归系数,-3.58%,-9.17%,8.41%,8.99%,-0.038,-0.313
全a近3年,10日乖离率,-0.21%,-15.42%,28.70%,32.86%,-0.045,-0.351
全a近3年,6日变动速率（Price Rate of Change）,0.36%,-16.22%,32.76%,32.16%,-0.043,-0.338
全a近3年,当前价格处于过去1年股价的位置,-4.87%,-6.75%,13.58%,10.73%,0.034,0.299
全a近3年,梅斯线,-0.31%,-10.09%,9.08%,9.34%,-0.034,-0.377
全a近3年,空头力道,-4.31%,-9.53%,25.97%,31.23%,-0.025,-0.192
全a近3年,单日价量趋势,2.96%,-12.38%,70.55%,73.47%,-0.026,-0.291
全a近3年,5日终极指标TRIX,2.33%,-13.51%,13.24%,15.41%,-0.044,-0.350
全a近3年,1减去 过去一个月收益率排名与股票总数的比值,-15.56%,-1.90%,18.83%,19.45%,0.048,0.379
全a近3年,15日顺势指标,-1.68%,-8.82%,27.73%,30.42%,-0.042,-0.359
全a近3年,市值,-1.64%,-0.86%,2.09%,1.57%,-0.015,-0.096
全a近3年,现金流市值比,-1.23%,4.58%,2.22%,2.19%,0.002,0.087
全a近3年,营收市值比,-6.56%,2.18%,2.38%,2.02%,0.023,0.251
全a近3年,流通市值,-2.01%,-0.72%,2.36%,1.59%,-0.012,-0.084
全a近3年,PEG,2.20%,-4.76%,2.66%,3.18%,-0.006,-0.127
全a近3年,财务杠杆指数,14.07%,-0.37%,1.50%,1.47%,-0.005,-0.160
全a近3年,营业收入指数,-0.86%,-1.88%,1.89%,1.49%,-0.002,-0.040
全a近3年,毛利率指数,-0.05%,-4.20%,1.79%,1.65%,-0.001,-0.038
全a近3年,经营性资产,-0.69%,-0.17%,2.65%,1.57%,0.017,0.177
全a近3年,金融资产,-1.05%,-0.06%,2.97%,1.52%,0.020,0.269
全a近3年,经营性负债,-3.02%,-0.73%,2.62%,1.77%,0.015,0.155
全a近3年,应收账款指数,-4.36%,-5.19%,1.66%,1.60%,-0.000,-0.017
全a近3年,金融负债,-2.10%,-0.55%,2.18%,1.60%,0.011,0.145
全a近3年,经营资产回报率TTM,-7.53%,0.92%,2.03%,1.11%,0.009,0.125
全a近3年,销售利润率TTM,-2.91%,-0.56%,2.01%,1.13%,0.011,0.136
全a近3年,长期权益回报率TTM,0.42%,-3.15%,2.07%,1.42%,0.009,0.111
全a近3年,经营资产周转率TTM,-3.89%,0.13%,1.52%,1.21%,0.004,0.093
全a近3年,长期资产回报率TTM,2.19%,-3.23%,2.01%,1.20%,0.009,0.110
全a近3年,销售管理费用指数,-0.88%,-0.11%,1.66%,1.68%,0.000,0.014
全a近3年,长期毛利率增长,-0.13%,0.04%,1.86%,1.71%,0.005,0.136
全a近3年,最大盈利水平,-5.65%,1.16%,1.88%,1.80%,0.006,0.146
全a近3年,盈利能力稳定性,-7.72%,-0.40%,1.93%,1.28%,0.009,0.149
全a近3年,投资资本回报率TTM,-4.15%,-0.98%,2.11%,1.34%,0.010,0.108
全a近3年,预期市盈率,-9.00%,7.18%,3.09%,2.45%,0.028,0.149
全a近3年,RAW BETA,1.44%,2.71%,2.97%,3.03%,-0.015,-0.058
全a近3年,预期短期盈利增长率,-3.00%,0.17%,2.25%,2.18%,-0.008,-0.066
全a近3年,预期长期盈利增长率,2.84%,-1.45%,2.08%,3.83%,0.002,0.018
全a近3年,不复权价格因子,8.09%,-6.22%,2.31%,2.17%,-0.027,-0.151
全a近3年,规模因子,-0.65%,-3.67%,1.85%,4.59%,-0.011,-0.101
全a近3年,流动性因子,0.86%,-19.45%,1.20%,2.63%,-0.035,-0.159
全a近3年,分红收益率因子,-2.58%,2.70%,3.71%,2.86%,0.019,0.101
全a近3年,质量因子,-5.66%,1.08%,2.95%,3.54%,-0.001,-0.013
全a近3年,价值因子,-7.80%,7.50%,2.52%,1.87%,0.032,0.266
全a近3年,成长因子,-3.47%,-2.02%,4.00%,3.84%,-0.002,-0.023
全a近3年,动量因子,-0.71%,-11.54%,12.70%,13.49%,-0.046,-0.316
全a近3年,波动率因子,3.80%,-3.64%,1.82%,2.51%,-0.034,-0.138
全a近3年,情绪因子,-5.54%,-0.17%,4.64%,6.06%,0.003,0.045
全a近3年,市场波动率因子,2.51%,-1.80%,1.53%,1.72%,-0.016,-0.065
全a近3年,相对动量因子,-8.38%,-2.59%,2.61%,3.16%,-0.016,-0.100
全a近3年,长期反转因子,-2.06%,-1.65%,3.06%,2.50%,0.003,0.037
全a近3年,残余波动率因子,3.25%,-14.98%,1.21%,3.04%,-0.047,-0.196
全a近3年,流动性因子,1.35%,-16.45%,1.22%,3.05%,-0.036,-0.170
全a近3年,市值规模因子,17.17%,-0.80%,2.63%,1.49%,-0.023,-0.104
全a近3年,中等市值因子,0.20%,-4.95%,2.45%,3.80%,-0.023,-0.288
全a近3年,市净率因子,-9.73%,6.23%,3.28%,2.06%,0.039,0.245
全a近3年,盈利能力因子,1.22%,-4.11%,1.77%,1.02%,-0.002,-0.018
全a近3年,财务杠杆因子,-6.14%,-1.00%,1.16%,1.55%,0.000,0.001
全a近3年,投资能力因子,-3.03%,-0.93%,1.19%,1.86%,0.007,0.065
全a近3年,分红因子,-7.09%,3.11%,3.18%,1.72%,0.020,0.131
全a近3年,盈利质量因子,-5.83%,-5.11%,1.24%,1.90%,0.006,0.074
全a近3年,收益因子,-7.61%,5.18%,2.73%,2.01%,0.023,0.142
全a近3年,长期成长因子,-7.32%,-0.46%,2.10%,1.93%,-0.007,-0.073
全a近3年,盈利变动率因子,-2.00%,-6.21%,1.83%,2.32%,-0.013,-0.148
全a近1年,净利润与营业总收入之比,-6.64%,6.34%,1.94%,1.20%,0.013,0.169
全a近1年,心理线指标,0.58%,-7.19%,25.38%,26.08%,-0.027,-0.433
全a近1年,12日量变动速率指标,0.36%,-15.43%,46.26%,44.75%,-0.044,-0.561
全a近1年,6日成交金额的移动平均值,-6.79%,-17.84%,6.27%,9.13%,-0.067,-0.535
全a近1年,每股营业总收入TTM,-7.96%,3.49%,2.05%,1.27%,0.011,0.168
全a近1年,经营活动产生的现金流量净额与企业价值之比TTM,-7.92%,-0.82%,2.27%,2.08%,0.022,0.273
全a近1年,应付账款周转天数,4.44%,-6.20%,1.51%,1.54%,-0.006,-0.130
全a近1年,销售净利率,-6.76%,6.84%,1.92%,1.19%,0.013,0.168
全a近1年,营业外收支利润净额/利润总额,1.77%,0.97%,2.04%,2.03%,0.001,0.040
全a近1年,营业收入增长率,-13.13%,15.42%,1.95%,1.65%,0.006,0.080
全a近1年,净运营资本,-7.67%,2.86%,2.24%,1.34%,0.015,0.283
全a近1年,成交量的10日指数移动平均,-1.91%,-11.57%,4.07%,6.54%,-0.050,-0.588
全a近1年,成交量比率（Volume Ratio）,-5.76%,-4.30%,19.37%,20.43%,-0.033,-0.484
全a近1年,5日平均换手率,2.86%,-23.16%,7.47%,10.56%,-0.073,-0.594
全a近1年,意愿指标,-9.66%,-5.37%,15.94%,17.16%,-0.047,-0.537
全a近1年,营业总收入TTM,-9.32%,-0.69%,2.89%,1.51%,0.019,0.203
全a近1年,12日成交量的移动平均值,-2.16%,-11.06%,3.61%,5.97%,-0.048,-0.567
全a近1年,营业利润TTM,-10.87%,3.69%,2.45%,1.39%,0.022,0.217
全a近1年,固定资产比率,-8.97%,1.88%,1.33%,1.48%,0.003,0.071
全a近1年,120日收益方差,-7.74%,2.41%,2.06%,3.11%,-0.046,-0.282
全a近1年,应收账款周转天数,-4.30%,-3.71%,1.58%,1.46%,-0.007,-0.097
全a近1年,经营活动现金流量净额TTM,-9.74%,0.22%,2.64%,1.62%,0.018,0.209
全a近1年,营业收入TTM,-8.40%,-0.99%,2.87%,1.51%,0.019,0.203
全a近1年,20日成交金额的移动平均值,-7.57%,-12.94%,2.99%,4.88%,-0.053,-0.387
全a近1年,5日平均换手率与120日平均换手率,6.34%,-17.29%,11.88%,14.52%,-0.063,-0.763
全a近1年,每股现金及现金等价物余额,-7.85%,6.06%,2.32%,1.25%,0.011,0.194
全a近1年,计算VMACD因子的中间变量,7.63%,-11.51%,9.86%,14.98%,-0.048,-0.594
全a近1年,总资产增长率,-14.11%,13.88%,2.16%,1.62%,0.008,0.108
全a近1年,杠杆因子,-4.47%,-10.24%,1.11%,1.48%,-0.001,-0.013
全a近1年,威廉变异离散量,-0.13%,-12.17%,32.41%,29.27%,-0.042,-0.505
全a近1年,毛利率增长,-2.51%,12.05%,1.99%,1.94%,0.004,0.131
全a近1年,因子WVAD的6日均值,-5.80%,-11.34%,16.19%,15.67%,-0.034,-0.438
全a近1年,营业费用与营业总收入之比,10.17%,-18.18%,1.60%,1.24%,-0.008,-0.143
全a近1年,每股盈余公积金,-1.38%,-11.01%,1.83%,1.18%,0.010,0.146
全a近1年,10日成交量标准差,-2.46%,-15.87%,8.87%,9.71%,-0.059,-0.725
全a近1年,带息流动负债,-5.06%,1.10%,2.36%,1.67%,0.010,0.141
全a近1年,销售税金率,1.91%,-3.50%,1.44%,1.54%,-0.000,-0.002
全a近1年,存货周转天数,-12.89%,-1.51%,1.48%,1.30%,-0.001,-0.012
全a近1年,营业周期,-6.67%,-6.42%,1.55%,1.44%,-0.006,-0.088
全a近1年,14日均幅指标,-5.56%,-7.67%,2.90%,4.51%,-0.039,-0.344
全a近1年,经营活动产生的现金流量净额与经营活动净收益之比,-6.24%,-12.70%,2.00%,1.78%,0.005,0.180
全a近1年,净利润现金含量,-9.25%,-12.17%,2.51%,2.49%,0.006,0.279
全a近1年,经营活动产生的现金流量净额增长率,-8.09%,7.04%,2.12%,2.08%,0.006,0.231
全a近1年,销售费用TTM,0.42%,0.03%,2.21%,1.49%,0.007,0.109
全a近1年,留存收益,-9.25%,-0.55%,2.58%,1.39%,0.023,0.233
全a近1年,营业总成本TTM,-6.88%,-0.43%,2.75%,1.58%,0.017,0.191
全a近1年,速动比率,-1.51%,-6.65%,1.85%,1.24%,0.001,0.022
全a近1年,个股收益的20日偏度,-0.81%,-8.95%,15.71%,13.69%,-0.031,-0.559
全a近1年,利润总额增长率,-4.48%,6.03%,1.96%,1.98%,0.006,0.156
全a近1年,营业外收支净额TTM,-1.89%,-9.20%,1.69%,1.57%,-0.000,-0.007
全a近1年,无形资产比率,-3.39%,-3.72%,1.30%,1.36%,-0.002,-0.067
全a近1年,归属母公司股东的净利润增长率,-5.79%,4.98%,1.96%,2.01%,0.006,0.138
全a近1年,市场杠杆,-0.32%,-5.53%,1.89%,2.01%,0.008,0.121
全a近1年,个股收益的20日峰度,-4.51%,-3.62%,18.70%,14.54%,-0.009,-0.209
全a近1年,20日夏普比率,-5.46%,-6.63%,19.68%,20.84%,-0.052,-0.567
全a近1年,筹资活动产生的现金流量净额增长率,-2.65%,-5.24%,2.15%,2.13%,0.002,0.073
全a近1年,投资活动现金流量净额TTM,-0.08%,-7.56%,1.61%,2.51%,-0.012,-0.242
全a近1年,产权比率,-1.83%,-6.68%,1.46%,1.72%,-0.002,-0.041
全a近1年,10日平均换手率,2.15%,-21.45%,4.72%,7.18%,-0.068,-0.527
全a近1年,10日平均换手率与120日平均换手率之比,7.44%,-17.58%,7.64%,9.77%,-0.056,-0.673
全a近1年,计算VMACD因子的中间变量,3.59%,-15.28%,6.19%,9.38%,-0.041,-0.532
全a近1年,超速动比率,-3.52%,-3.90%,1.84%,1.19%,0.001,0.022
全a近1年,存货周转率,4.34%,-9.40%,1.50%,1.46%,0.001,0.008
全a近1年,财务费用TTM,-7.80%,4.99%,1.26%,1.50%,-0.004,-0.072
全a近1年,营业利润增长率,-4.49%,5.94%,1.96%,1.98%,0.006,0.152
全a近1年,每股未分配利润,-5.90%,4.07%,2.11%,1.17%,0.015,0.183
全a近1年,20日成交量标准差,-2.68%,-12.16%,4.79%,5.95%,-0.050,-0.587
全a近1年,长期负债与营运资金比率,-6.99%,5.40%,1.78%,1.67%,0.004,0.218
全a近1年,流动比率(单季度),-4.57%,-5.84%,1.81%,1.25%,0.002,0.035
全a近1年,经营活动产生现金流量净额/净债务,-9.54%,-1.01%,2.16%,2.11%,0.006,0.241
全a近1年,总资产现金回收率,-9.68%,1.36%,1.99%,1.63%,0.011,0.230
全a近1年,6日均幅指标,-5.23%,-9.68%,5.07%,7.97%,-0.047,-0.434
全a近1年,每股营业收入TTM,-8.12%,3.63%,2.04%,1.27%,0.011,0.169
全a近1年,管理费用TTM,-6.88%,-0.06%,2.63%,1.57%,0.015,0.170
全a近1年,净利息费用,-18.62%,-19.03%,1.01%,1.89%,-0.028,-0.105
全a近1年,非流动资产比率,-4.99%,-5.66%,1.28%,1.60%,0.000,0.006
全a近1年,价值变动净收益TTM,0.91%,0.18%,2.10%,1.55%,0.008,0.189
全a近1年,每股净资产,-8.41%,-2.34%,2.08%,0.94%,0.011,0.131
全a近1年,总资产周转率,-3.27%,5.50%,1.46%,1.44%,0.004,0.094
全a近1年,利润总额TTM,-10.74%,3.93%,2.46%,1.43%,0.023,0.219
全a近1年,个股收益的120日峰度,-2.46%,-4.35%,4.61%,3.27%,0.017,0.252
全a近1年,60日夏普比率,-2.11%,-5.76%,12.48%,12.93%,-0.046,-0.431
全a近1年,长期借款与资产总计之比,-4.01%,2.35%,1.76%,1.65%,0.002,0.063
全a近1年,筹资活动现金流量净额TTM,-7.54%,-0.45%,1.43%,1.63%,-0.006,-0.105
全a近1年,个股收益的60日偏度,-1.77%,-6.63%,6.25%,6.48%,-0.033,-0.491
全a近1年,20日平均换手率,1.16%,-18.32%,3.07%,5.03%,-0.059,-0.446
全a近1年,市值因子,25.03%,-0.86%,2.60%,2.02%,-0.027,-0.150
全a近1年,每股营业总收入,-8.86%,5.66%,2.33%,1.53%,0.012,0.173
全a近1年,20日平均换手率与120日平均换手率之比,8.03%,-17.65%,5.15%,6.72%,-0.046,-0.533
全a近1年,有形净值债务率,-1.64%,-3.60%,1.49%,1.67%,-0.002,-0.037
全a近1年,成交量指数平滑异同移动平均线,-5.69%,-10.67%,15.57%,24.19%,-0.029,-0.345
全a近1年,动量因子,-9.18%,-2.61%,6.99%,7.76%,-0.026,-0.168
全a近1年,总资产报酬率,-11.63%,9.96%,2.06%,1.30%,0.014,0.162
全a近1年,营业利润率,-7.30%,6.46%,1.96%,1.19%,0.013,0.170
全a近1年,每股留存收益,-4.94%,3.49%,2.19%,1.19%,0.015,0.184
全a近1年,人气指标,-12.92%,-7.38%,14.95%,15.86%,-0.056,-0.603
全a近1年,长期负债与资产总计之比,-5.59%,-2.04%,1.66%,1.59%,0.000,0.006
全a近1年,流动资产周转率TTM,-7.54%,0.18%,1.61%,1.52%,0.006,0.105
全a近1年,无息流动负债,-6.63%,-1.55%,2.59%,1.65%,0.014,0.172
全a近1年,财务费用与营业总收入之比,-0.52%,-2.24%,1.24%,1.74%,-0.008,-0.149
全a近1年,经营活动净收益/利润总额,-12.77%,-7.72%,2.42%,2.55%,0.002,0.104
全a近1年,息税前利润,-12.84%,5.89%,3.01%,1.82%,0.023,0.249
全a近1年,债务总资产比,-4.14%,-6.86%,1.27%,1.76%,-0.003,-0.059
全a近1年,股东权益与固定资产比率,0.55%,-9.51%,1.54%,1.25%,-0.001,-0.029
全a近1年,个股收益的120日偏度,2.19%,-10.42%,3.49%,4.57%,-0.031,-0.509
全a近1年,净利润TTM,-10.46%,2.94%,2.41%,1.38%,0.023,0.220
全a近1年,120日夏普比率,-6.76%,1.66%,9.43%,9.86%,-0.043,-0.407
全a近1年,非线性市值因子,-5.75%,-1.71%,2.69%,4.37%,-0.023,-0.327
全a近1年,经营活动净收益,-12.64%,5.31%,2.75%,1.77%,0.022,0.239
全a近1年,60日平均换手率,-0.11%,-8.80%,1.86%,3.06%,-0.045,-0.332
全a近1年,市净率因子,-4.75%,-10.01%,3.26%,2.00%,0.034,0.198
全a近1年,经营活动产生的现金流量净额/负债合计,-4.82%,-3.16%,2.64%,2.20%,0.009,0.215
全a近1年,每股营业收入,-8.82%,5.45%,2.34%,1.52%,0.012,0.174
全a近1年,经营活动产生的现金流量净额与营业收入之比,-7.78%,-3.02%,1.94%,1.51%,0.009,0.222
全a近1年,营业利润与营业总收入之比,-6.35%,6.45%,1.96%,1.20%,0.013,0.170
全a近1年,每股经营活动产生的现金流量净额,-7.22%,-1.64%,2.69%,2.28%,0.010,0.200
全a近1年,换手率相对波动率,8.82%,-30.55%,5.44%,6.83%,-0.069,-0.585
全a近1年,资产回报率TTM,-11.75%,8.19%,2.03%,1.33%,0.013,0.154
全a近1年,管理费用与营业总收入之比,0.12%,-12.61%,1.61%,1.66%,-0.010,-0.187
全a近1年,固定资产周转率,-7.71%,-8.13%,1.50%,1.36%,0.001,0.020
全a近1年,净利润增长率,-5.84%,5.54%,1.93%,2.02%,0.006,0.148
全a近1年,对联营和合营公司投资收益/利润总额,-6.72%,-1.82%,2.02%,2.19%,0.007,0.216
全a近1年,息税折旧摊销前利润,-11.52%,3.29%,3.63%,2.50%,0.025,0.279
全a近1年,资产减值损失TTM,-12.68%,-4.29%,2.33%,1.81%,0.008,0.175
全a近1年,股东权益比率,-6.93%,-4.15%,1.76%,1.27%,0.003,0.059
全a近1年,每股营业利润TTM,-11.13%,8.92%,2.23%,1.16%,0.015,0.162
全a近1年,20日收益方差,-5.11%,-9.42%,7.29%,8.38%,-0.065,-0.464
全a近1年,归属于母公司股东的净利润TTM,-10.06%,2.56%,2.45%,1.38%,0.023,0.223
全a近1年,营业成本TTM,-9.33%,-0.05%,2.39%,1.61%,0.015,0.179
全a近1年,净资产增长率,-13.15%,12.63%,2.06%,1.66%,0.010,0.143
全a近1年,120日平均换手率,-1.38%,-4.99%,1.55%,2.38%,-0.037,-0.281
全a近1年,6日量变动速率指标,5.56%,-16.85%,54.40%,51.86%,-0.036,-0.457
全a近1年,销售商品提供劳务收到的现金与营业收入之比,2.62%,-0.01%,1.65%,1.77%,0.001,0.010
全a近1年,现金比率,-11.12%,-1.74%,1.94%,1.27%,0.005,0.123
全a近1年,现金流动负债比,-4.34%,8.66%,1.99%,1.28%,0.011,0.217
全a近1年,20日成交金额的标准差,-6.88%,-18.34%,5.29%,6.62%,-0.062,-0.490
全a近1年,现金流资产比和资产回报率之差,-0.78%,-5.83%,2.64%,2.84%,0.001,0.035
全a近1年,ARBR,1.31%,-6.38%,13.31%,12.22%,-0.014,-0.273
全a近1年,每股收益TTM,-11.12%,8.48%,2.18%,1.13%,0.015,0.161
全a近1年,20日资金流量,-7.61%,-12.91%,2.99%,4.88%,-0.053,-0.388
全a近1年,权益回报率TTM,-9.54%,12.38%,2.05%,1.48%,0.014,0.160
全a近1年,应付账款周转率,-4.39%,11.51%,1.67%,1.50%,0.006,0.142
全a近1年,销售毛利率,-6.22%,-4.82%,1.77%,1.09%,0.002,0.038
全a近1年,净债务,-9.38%,0.44%,2.01%,1.61%,0.007,0.099
全a近1年,扣除非经常损益后的净利润/净利润,-3.62%,-11.63%,2.29%,2.40%,-0.005,-0.186
全a近1年,非经常性损益,-6.98%,-4.56%,3.00%,2.19%,0.008,0.194
全a近1年,应收账款周转率,-6.67%,-5.41%,1.91%,1.41%,0.007,0.083
全a近1年,股东权益周转率,-2.88%,-2.50%,1.66%,1.19%,0.000,0.003
全a近1年,每股现金流量净额，根据当时日期来获取最近变更日的总股本,-10.59%,-0.00%,1.61%,1.81%,0.002,0.107
全a近1年,流动性因子,-11.28%,-2.69%,1.68%,3.32%,-0.048,-0.243
全a近1年,60日收益方差,-6.94%,2.67%,3.05%,4.25%,-0.052,-0.335
全a近1年,销售商品提供劳务收到的现金,-6.15%,-1.68%,2.89%,1.58%,0.018,0.195
全a近1年,个股收益的60日峰度,-3.74%,-0.80%,7.80%,5.63%,0.005,0.077
全a近1年,成交量的5日指数移动平均,-1.75%,-13.51%,6.53%,9.35%,-0.054,-0.658
全a近1年,毛利TTM,-11.08%,-0.08%,3.12%,1.50%,0.021,0.232
全a近1年,240日平均换手率,0.73%,-5.81%,1.50%,1.96%,-0.030,-0.248
全a近1年,成交量的26日指数移动平均,-3.40%,-7.81%,2.21%,4.12%,-0.040,-0.473
全a近1年,每股营业利润,-14.28%,12.90%,2.63%,1.60%,0.017,0.187
全a近1年,成交量震荡,4.19%,-25.44%,12.09%,15.84%,-0.058,-0.671
全a近1年,6日成交金额的标准差,-6.49%,-22.77%,15.45%,15.90%,-0.076,-0.707
全a近1年,成本费用利润率,-8.01%,13.99%,1.95%,1.14%,0.013,0.167
全a近1年,销售成本率,-4.87%,-7.16%,1.06%,1.77%,-0.003,-0.042
全a近1年,每股资本公积金,-5.04%,2.35%,1.54%,0.88%,0.001,0.015
全a近1年,现金流量市值比,-4.81%,-7.57%,1.85%,1.78%,0.017,0.126
全a近1年,残差历史波动率,-12.23%,-2.84%,1.09%,2.44%,-0.037,-0.193
全a近1年,5年盈利增长率,-1.89%,2.67%,1.76%,1.45%,0.000,0.004
全a近1年,利润市值比,-7.07%,-6.35%,1.96%,1.58%,0.018,0.115
全a近1年,市场杠杆,-3.56%,-3.16%,1.38%,1.49%,0.006,0.050
全a近1年,对数总市值,24.24%,-5.39%,2.57%,1.61%,-0.026,-0.141
全a近1年,季度平均平均月换手率,-9.56%,-16.17%,1.20%,2.90%,-0.036,-0.181
全a近1年,收益离差,-12.36%,-3.51%,13.51%,11.17%,-0.041,-0.231
全a近1年,市值立方因子,-5.75%,-1.61%,2.49%,4.13%,-0.024,-0.330
全a近1年,月换手率,-9.59%,-24.27%,2.14%,4.79%,-0.050,-0.257
全a近1年,账面杠杆,-5.00%,-3.69%,1.27%,1.55%,-0.002,-0.020
全a近1年,成长因子,-10.12%,6.14%,1.71%,1.49%,0.002,0.026
全a近1年,盈利预期因子,-6.25%,-4.61%,2.81%,1.96%,0.024,0.144
全a近1年,年度平均月换手率,-9.33%,-13.88%,0.84%,1.74%,-0.020,-0.107
全a近1年,日收益率标准差,-12.74%,-1.78%,1.39%,3.67%,-0.049,-0.215
全a近1年,资产负债率,-4.48%,-13.24%,1.10%,1.52%,-0.003,-0.041
全a近1年,相对强弱,-9.14%,-2.47%,6.99%,7.77%,-0.026,-0.168
全a近1年,5年营业收入增长率,-9.20%,3.37%,1.61%,1.29%,0.003,0.035
全a近1年,残差波动因子,-2.65%,-9.05%,3.79%,5.10%,-0.061,-0.528
全a近1年,BETA,-15.29%,18.01%,2.44%,2.19%,-0.006,-0.024
全a近1年,5日移动均线,-14.88%,-1.23%,46.53%,42.32%,0.051,0.506
全a近1年,上轨线（布林线）指标,-16.88%,2.88%,30.91%,15.84%,0.017,0.132
全a近1年,26日指数移动均线,-11.87%,2.22%,23.65%,20.94%,0.069,0.658
全a近1年,资金流量指标,-1.27%,-8.94%,21.74%,23.05%,-0.040,-0.504
全a近1年,120日指数移动均线,-5.70%,-1.25%,12.96%,10.81%,0.066,0.604
全a近1年,60日移动均线,-10.18%,-1.38%,14.96%,12.37%,0.064,0.579
全a近1年,120日移动均线,-4.81%,-0.82%,11.36%,9.30%,0.060,0.560
全a近1年,下轨线（布林线）指标,-9.38%,-3.55%,16.07%,22.53%,0.075,0.778
全a近1年,12日指数移动均线,-17.13%,3.71%,32.72%,29.03%,0.064,0.598
全a近1年,5日指数移动均线,-18.44%,2.88%,46.80%,42.16%,0.056,0.538
全a近1年,20日指数移动均线,-12.74%,3.43%,26.34%,23.36%,0.068,0.640
全a近1年,20日移动均线,-13.30%,3.48%,23.66%,20.15%,0.063,0.589
全a近1年,平滑异同移动平均线,1.32%,-11.51%,12.52%,16.66%,-0.040,-0.362
全a近1年,10日指数移动均线,-16.36%,2.33%,35.28%,31.43%,0.063,0.584
全a近1年,10日移动均线,-17.41%,2.67%,32.76%,28.66%,0.058,0.538
全a近1年,5日乖离率,-0.19%,-15.22%,42.33%,46.56%,-0.051,-0.505
全a近1年,当前股价除以过去一年股价均值再减1,-2.08%,-5.36%,6.69%,8.94%,-0.055,-0.462
全a近1年,当前股价除以过去三个月股价均值再减1,-2.03%,-10.69%,12.22%,14.93%,-0.064,-0.579
全a近1年,当前股价除以过去一个月股价均值再减1,5.04%,-11.51%,19.73%,23.12%,-0.063,-0.591
全a近1年,12日收盘价格与日期线性回归系数,1.84%,-7.91%,15.72%,15.82%,-0.045,-0.454
全a近1年,BBI 动量,-14.94%,2.94%,34.85%,30.90%,0.064,0.599
全a近1年,12日变动速率（Price Rate of Change）,6.79%,-12.99%,24.47%,22.97%,-0.059,-0.595
全a近1年,120日变动速率（Price Rate of Change）,-3.02%,6.35%,9.67%,8.75%,-0.046,-0.417
全a近1年,60日乖离率,-2.07%,-11.51%,12.31%,14.98%,-0.064,-0.581
全a近1年,20日变动速率（Price Rate of Change）,-0.12%,-12.62%,19.58%,18.19%,-0.059,-0.571
全a近1年,Aroon指标下轨,-2.59%,-6.34%,24.47%,17.35%,0.020,0.297
全a近1年,单日价量趋势12均值,-0.51%,-15.95%,22.48%,19.00%,-0.057,-0.748
全a近1年,当前交易量相比过去1个月日均交易量 与过去过去20日日均收益率乘积,0.16%,-15.52%,23.80%,26.01%,-0.063,-0.631
全a近1年,20日顺势指标,-4.36%,-6.38%,22.11%,28.11%,-0.046,-0.455
全a近1年,6日收盘价格与日期线性回归系数,-0.16%,-12.35%,29.60%,29.22%,-0.049,-0.463
全a近1年,CR指标,-5.34%,-5.05%,17.08%,18.76%,-0.047,-0.485
全a近1年,60日变动速率（Price Rate of Change）,3.67%,-6.71%,12.82%,11.55%,-0.048,-0.435
全a近1年,20日乖离率,4.57%,-13.07%,20.17%,23.67%,-0.063,-0.588
全a近1年,多头力道,-8.06%,-11.79%,28.00%,30.54%,-0.065,-0.634
全a近1年,Aroon指标上轨,-9.51%,-10.61%,15.94%,21.55%,-0.036,-0.493
全a近1年,单日价量趋势6日均值,-3.13%,-16.52%,31.07%,27.12%,-0.050,-0.580
全a近1年,10日终极指标TRIX,-2.77%,-9.99%,6.96%,8.73%,-0.048,-0.442
全a近1年,10日顺势指标,-3.32%,-10.70%,33.14%,39.72%,-0.042,-0.421
全a近1年,88日顺势指标,-7.89%,-6.91%,10.20%,14.81%,-0.051,-0.519
全a近1年,24日收盘价格与日期线性回归系数,-3.33%,-9.77%,8.41%,9.02%,-0.046,-0.432
全a近1年,10日乖离率,2.13%,-17.05%,28.69%,32.80%,-0.058,-0.537
全a近1年,6日变动速率（Price Rate of Change）,0.68%,-18.48%,33.35%,31.65%,-0.055,-0.528
全a近1年,当前价格处于过去1年股价的位置,-7.51%,-6.14%,15.98%,8.70%,0.047,0.488
全a近1年,梅斯线,-2.36%,-12.01%,8.79%,9.30%,-0.045,-0.480
全a近1年,空头力道,-5.67%,-5.10%,25.89%,31.64%,-0.033,-0.289
全a近1年,单日价量趋势,5.38%,-20.94%,71.25%,73.20%,-0.035,-0.427
全a近1年,5日终极指标TRIX,0.52%,-10.92%,13.22%,15.50%,-0.051,-0.485
全a近1年,1减去 过去一个月收益率排名与股票总数的比值,-14.63%,5.22%,18.45%,19.80%,0.059,0.561
全a近1年,15日顺势指标,-5.38%,-11.21%,25.96%,32.35%,-0.045,-0.447
全a近1年,市值,-9.17%,-4.70%,1.93%,1.80%,-0.015,-0.115
全a近1年,现金流市值比,-11.94%,-3.40%,2.13%,2.25%,0.002,0.094
全a近1年,营收市值比,-4.43%,-2.40%,2.62%,1.96%,0.021,0.221
全a近1年,流通市值,-7.40%,-4.94%,2.09%,1.78%,-0.014,-0.115
全a近1年,PEG,15.76%,-15.79%,2.73%,3.35%,-0.011,-0.248
全a近1年,财务杠杆指数,59.67%,19.15%,1.55%,1.47%,-0.002,-0.059
全a近1年,营业收入指数,-5.22%,16.71%,1.82%,1.53%,0.004,0.057
全a近1年,毛利率指数,8.97%,2.63%,1.84%,1.71%,-0.001,-0.039
全a近1年,经营性资产,-10.14%,1.11%,2.71%,1.64%,0.018,0.181
全a近1年,金融资产,-7.95%,-0.38%,3.12%,1.56%,0.021,0.274
全a近1年,经营性负债,-5.49%,0.82%,2.72%,1.80%,0.015,0.159
全a近1年,应收账款指数,0.32%,-1.52%,1.67%,1.61%,-0.002,-0.082
全a近1年,金融负债,-4.82%,2.60%,2.31%,1.69%,0.012,0.160
全a近1年,经营资产回报率TTM,-10.79%,5.11%,1.99%,1.13%,0.012,0.161
全a近1年,销售利润率TTM,-7.01%,6.53%,1.96%,1.19%,0.013,0.169
全a近1年,长期权益回报率TTM,-9.45%,1.47%,2.06%,1.41%,0.012,0.162
全a近1年,经营资产周转率TTM,-1.41%,1.17%,1.54%,1.18%,0.004,0.106
全a近1年,长期资产回报率TTM,-8.87%,-1.05%,2.05%,1.19%,0.012,0.156
全a近1年,销售管理费用指数,7.83%,-2.69%,1.72%,1.73%,-0.000,-0.012
全a近1年,长期毛利率增长,-1.55%,12.70%,1.99%,1.80%,0.006,0.130
全a近1年,最大盈利水平,-6.94%,10.99%,1.97%,1.82%,0.006,0.135
全a近1年,盈利能力稳定性,-4.48%,-5.95%,1.96%,1.28%,0.008,0.132
全a近1年,投资资本回报率TTM,-8.38%,10.06%,2.08%,1.36%,0.014,0.156
全a近1年,预期市盈率,-5.59%,-3.71%,2.99%,2.16%,0.030,0.149
全a近1年,RAW BETA,-15.29%,18.01%,2.44%,2.19%,-0.006,-0.024
全a近1年,预期短期盈利增长率,-17.63%,15.75%,2.15%,2.17%,-0.003,-0.020
全a近1年,预期长期盈利增长率,-15.82%,-4.57%,1.83%,3.25%,0.005,0.039
全a近1年,不复权价格因子,-10.65%,-2.19%,2.25%,2.22%,-0.019,-0.104
全a近1年,规模因子,-5.25%,-2.57%,1.90%,4.66%,-0.012,-0.143
全a近1年,流动性因子,-9.35%,-17.31%,1.17%,2.70%,-0.034,-0.172
全a近1年,分红收益率因子,5.12%,-9.88%,3.08%,2.35%,0.012,0.062
全a近1年,质量因子,-7.67%,-12.27%,2.98%,3.60%,-0.000,-0.001
全a近1年,价值因子,1.17%,-10.44%,2.57%,1.83%,0.024,0.212
全a近1年,成长因子,-6.75%,5.43%,3.90%,3.83%,0.002,0.038
全a近1年,动量因子,-7.94%,-4.07%,13.39%,13.31%,-0.056,-0.478
全a近1年,波动率因子,-12.28%,9.44%,1.54%,1.87%,-0.025,-0.102
全a近1年,情绪因子,-8.38%,4.90%,5.00%,8.57%,0.009,0.211
全a近1年,市场波动率因子,-12.66%,10.06%,1.33%,1.10%,-0.008,-0.034
全a近1年,相对动量因子,-8.12%,-1.32%,2.53%,3.31%,-0.029,-0.196
全a近1年,长期反转因子,-2.33%,-1.37%,2.39%,2.29%,0.002,0.026
全a近1年,残余波动率因子,-12.50%,-0.62%,1.02%,2.95%,-0.042,-0.189
全a近1年,流动性因子,-9.01%,-13.38%,1.16%,3.07%,-0.038,-0.195
全a近1年,市值规模因子,24.23%,-5.39%,2.57%,1.61%,-0.026,-0.141
全a近1年,中等市值因子,-5.74%,-1.58%,2.48%,4.08%,-0.024,-0.326
全a近1年,市净率因子,-4.75%,-10.03%,3.26%,2.01%,0.034,0.198
全a近1年,盈利能力因子,-12.38%,-3.34%,1.70%,1.05%,0.001,0.009
全a近1年,财务杠杆因子,-3.88%,-7.64%,1.05%,1.43%,-0.001,-0.014
全a近1年,投资能力因子,6.83%,-9.11%,1.19%,1.81%,-0.001,-0.012
全a近1年,分红因子,-5.52%,-9.27%,2.31%,1.45%,0.016,0.114
全a近1年,盈利质量因子,9.10%,-8.33%,1.29%,1.88%,-0.001,-0.018
全a近1年,收益因子,-6.80%,-4.68%,2.47%,1.80%,0.022,0.133
全a近1年,长期成长因子,-8.60%,12.73%,1.91%,1.91%,-0.001,-0.009
全a近1年,盈利变动率因子,-13.03%,2.33%,1.61%,2.06%,-0.006,-0.081
全a近3月,净利润与营业总收入之比,-18.31%,12.57%,1.94%,1.07%,0.023,0.248
全a近3月,心理线指标,1.26%,-15.38%,25.52%,26.28%,-0.028,-0.449
全a近3月,12日量变动速率指标,-7.80%,-6.97%,46.01%,44.84%,-0.035,-0.459
全a近3月,6日成交金额的移动平均值,-37.30%,6.96%,6.02%,9.15%,-0.046,-0.351
全a近3月,每股营业总收入TTM,-24.75%,2.40%,2.34%,1.36%,0.012,0.175
全a近3月,经营活动产生的现金流量净额与企业价值之比TTM,-18.25%,-8.63%,2.06%,1.74%,0.021,0.234
全a近3月,应付账款周转天数,-0.72%,-10.26%,1.45%,1.52%,-0.006,-0.114
全a近3月,销售净利率,-18.21%,12.61%,1.92%,1.06%,0.023,0.247
全a近3月,营业外收支利润净额/利润总额,-8.08%,-7.94%,1.43%,1.37%,0.006,0.248
全a近3月,营业收入增长率,-13.51%,23.12%,1.79%,1.37%,0.016,0.179
全a近3月,净运营资本,-14.51%,26.48%,2.36%,1.50%,0.019,0.391
全a近3月,成交量的10日指数移动平均,-12.17%,12.52%,4.07%,6.60%,-0.041,-0.421
全a近3月,成交量比率（Volume Ratio）,-13.30%,-1.58%,19.61%,20.42%,-0.036,-0.504
全a近3月,5日平均换手率,-10.61%,-5.29%,7.19%,10.75%,-0.057,-0.461
全a近3月,意愿指标,-29.09%,-1.14%,15.50%,17.60%,-0.038,-0.471
全a近3月,营业总收入TTM,-35.09%,7.46%,3.03%,1.61%,0.016,0.165
全a近3月,12日成交量的移动平均值,-11.44%,13.46%,3.63%,6.12%,-0.040,-0.405
全a近3月,营业利润TTM,-35.66%,15.57%,2.53%,1.33%,0.029,0.272
全a近3月,固定资产比率,-19.90%,13.76%,1.47%,1.54%,0.008,0.130
全a近3月,120日收益方差,-22.57%,7.79%,1.72%,3.40%,-0.026,-0.161
全a近3月,应收账款周转天数,-6.00%,21.95%,1.56%,1.58%,0.001,0.007
全a近3月,经营活动现金流量净额TTM,-30.23%,6.74%,2.52%,1.49%,0.019,0.214
全a近3月,营业收入TTM,-33.96%,5.68%,2.95%,1.57%,0.016,0.163
全a近3月,20日成交金额的移动平均值,-37.08%,13.94%,2.98%,5.34%,-0.033,-0.237
全a近3月,5日平均换手率与120日平均换手率,-2.24%,-9.12%,11.75%,14.42%,-0.060,-0.686
全a近3月,每股现金及现金等价物余额,-13.12%,18.21%,2.36%,1.16%,0.015,0.220
全a近3月,计算VMACD因子的中间变量,-0.42%,-6.09%,9.82%,14.84%,-0.044,-0.574
全a近3月,总资产增长率,-35.56%,9.65%,1.99%,1.13%,0.019,0.214
全a近3月,杠杆因子,0.04%,-31.94%,1.09%,1.58%,-0.001,-0.011
全a近3月,威廉变异离散量,9.37%,-24.81%,33.32%,30.16%,-0.045,-0.494
全a近3月,毛利率增长,-9.28%,17.96%,1.68%,1.46%,0.009,0.263
全a近3月,因子WVAD的6日均值,-12.23%,-12.93%,16.48%,16.07%,-0.036,-0.459
全a近3月,营业费用与营业总收入之比,18.18%,-28.67%,1.58%,1.27%,-0.013,-0.193
全a近3月,每股盈余公积金,6.35%,-31.63%,2.14%,1.22%,0.008,0.093
全a近3月,10日成交量标准差,-12.38%,1.08%,9.03%,9.92%,-0.052,-0.536
全a近3月,带息流动负债,-8.02%,10.97%,2.53%,1.83%,0.005,0.072
全a近3月,销售税金率,-6.28%,-11.54%,1.45%,1.49%,-0.002,-0.072
全a近3月,存货周转天数,-18.35%,-0.28%,1.51%,1.27%,0.006,0.083
全a近3月,营业周期,-7.38%,5.03%,1.56%,1.54%,-0.000,-0.003
全a近3月,14日均幅指标,-32.06%,10.06%,2.96%,4.84%,-0.022,-0.203
全a近3月,经营活动产生的现金流量净额与经营活动净收益之比,-6.17%,-25.09%,1.68%,1.34%,0.009,0.261
全a近3月,净利润现金含量,-26.30%,-33.54%,1.47%,1.50%,0.008,0.314
全a近3月,经营活动产生的现金流量净额增长率,-9.60%,-6.33%,1.58%,1.34%,0.009,0.293
全a近3月,销售费用TTM,5.94%,12.67%,2.38%,1.50%,-0.000,-0.002
全a近3月,留存收益,-34.71%,7.86%,2.81%,1.51%,0.023,0.240
全a近3月,营业总成本TTM,-30.40%,7.83%,2.80%,1.76%,0.013,0.139
全a近3月,速动比率,-1.79%,-0.42%,1.77%,1.14%,0.006,0.100
全a近3月,个股收益的20日偏度,-24.19%,-14.52%,15.53%,13.64%,-0.025,-0.608
全a近3月,利润总额增长率,0.00%,1.46%,1.60%,1.42%,0.012,0.290
全a近3月,营业外收支净额TTM,-11.59%,-21.04%,1.65%,1.36%,0.001,0.058
全a近3月,无形资产比率,-14.91%,-2.78%,1.41%,1.40%,-0.005,-0.146
全a近3月,归属母公司股东的净利润增长率,-1.48%,1.68%,1.62%,1.45%,0.011,0.283
全a近3月,市场杠杆,-8.70%,-9.89%,2.05%,1.94%,0.004,0.059
全a近3月,个股收益的20日峰度,-19.97%,-10.82%,19.16%,14.19%,-0.016,-0.588
全a近3月,20日夏普比率,-20.20%,5.39%,19.36%,20.35%,-0.044,-0.541
全a近3月,筹资活动产生的现金流量净额增长率,-15.94%,-1.86%,1.52%,1.30%,0.003,0.119
全a近3月,投资活动现金流量净额TTM,9.55%,-16.42%,1.40%,2.26%,-0.016,-0.304
全a近3月,产权比率,-4.33%,-6.10%,1.51%,1.85%,-0.006,-0.109
全a近3月,10日平均换手率,-10.31%,4.69%,4.44%,7.54%,-0.051,-0.390
全a近3月,10日平均换手率与120日平均换手率之比,-3.71%,-13.51%,7.63%,9.83%,-0.053,-0.599
全a近3月,计算VMACD因子的中间变量,-11.45%,-11.67%,6.48%,9.46%,-0.040,-0.524
全a近3月,超速动比率,-3.49%,2.68%,1.75%,1.11%,0.007,0.113
全a近3月,存货周转率,11.54%,-9.89%,1.56%,1.44%,-0.007,-0.090
全a近3月,财务费用TTM,-19.07%,19.41%,1.20%,1.71%,-0.005,-0.087
全a近3月,营业利润增长率,1.47%,1.52%,1.64%,1.42%,0.011,0.260
全a近3月,每股未分配利润,-18.82%,3.92%,2.34%,1.23%,0.016,0.179
全a近3月,20日成交量标准差,-12.14%,1.98%,4.87%,6.29%,-0.044,-0.429
全a近3月,长期负债与营运资金比率,-11.54%,10.75%,1.78%,1.58%,0.007,0.352
全a近3月,流动比率(单季度),-5.13%,1.60%,1.74%,1.19%,0.008,0.117
全a近3月,经营活动产生现金流量净额/净债务,-8.76%,-4.06%,1.25%,1.05%,0.007,0.249
全a近3月,总资产现金回收率,-25.46%,-4.19%,1.75%,1.23%,0.014,0.248
全a近3月,6日均幅指标,-29.27%,9.83%,5.04%,8.09%,-0.030,-0.289
全a近3月,每股营业收入TTM,-24.85%,2.04%,2.33%,1.34%,0.012,0.174
全a近3月,管理费用TTM,-31.86%,5.59%,2.75%,1.58%,0.011,0.111
全a近3月,净利息费用,-36.63%,-20.71%,1.17%,1.52%,-0.002,-0.006
全a近3月,非流动资产比率,-13.63%,-0.11%,1.37%,1.65%,-0.003,-0.055
全a近3月,价值变动净收益TTM,-22.26%,11.43%,2.07%,1.36%,0.008,0.205
全a近3月,每股净资产,-19.57%,-11.34%,2.26%,0.98%,0.015,0.154
全a近3月,总资产周转率,-2.94%,-7.17%,1.46%,1.42%,0.004,0.083
全a近3月,利润总额TTM,-35.54%,15.83%,2.53%,1.42%,0.030,0.276
全a近3月,个股收益的120日峰度,12.65%,-11.95%,4.43%,3.33%,-0.010,-0.262
全a近3月,60日夏普比率,-24.76%,-10.56%,12.51%,13.19%,-0.040,-0.394
全a近3月,长期借款与资产总计之比,-6.85%,16.82%,1.90%,1.57%,0.000,0.012
全a近3月,筹资活动现金流量净额TTM,-11.09%,-26.18%,1.31%,1.32%,-0.003,-0.054
全a近3月,个股收益的60日偏度,-13.23%,-8.72%,6.38%,6.37%,-0.024,-0.396
全a近3月,20日平均换手率,-15.12%,4.48%,2.99%,5.46%,-0.044,-0.326
全a近3月,市值因子,7.97%,15.39%,2.50%,2.59%,-0.007,-0.039
全a近3月,每股营业总收入,-24.85%,8.72%,2.47%,1.40%,0.014,0.181
全a近3月,20日平均换手率与120日平均换手率之比,-3.46%,-17.87%,5.07%,6.97%,-0.046,-0.489
全a近3月,有形净值债务率,-4.58%,-1.11%,1.52%,1.82%,-0.004,-0.085
全a近3月,成交量指数平滑异同移动平均线,4.59%,-23.35%,15.45%,23.69%,-0.022,-0.248
全a近3月,动量因子,-27.89%,11.85%,6.85%,7.79%,-0.003,-0.018
全a近3月,总资产报酬率,-36.43%,13.48%,2.02%,1.18%,0.024,0.240
全a近3月,营业利润率,-19.21%,12.28%,1.96%,1.06%,0.022,0.240
全a近3月,每股留存收益,-13.77%,2.74%,2.46%,1.23%,0.017,0.175
全a近3月,人气指标,-33.23%,-8.29%,15.06%,16.36%,-0.048,-0.554
全a近3月,长期负债与资产总计之比,-10.89%,4.54%,1.73%,1.60%,-0.002,-0.038
全a近3月,流动资产周转率TTM,-13.91%,-8.94%,1.67%,1.54%,0.003,0.043
全a近3月,无息流动负债,-30.63%,3.85%,2.63%,1.74%,0.011,0.126
全a近3月,财务费用与营业总收入之比,-11.16%,7.35%,1.09%,1.72%,-0.009,-0.165
全a近3月,经营活动净收益/利润总额,-12.65%,-3.10%,1.51%,1.65%,0.002,0.100
全a近3月,息税前利润,-37.73%,14.70%,2.80%,1.49%,0.031,0.319
全a近3月,债务总资产比,-2.84%,-13.56%,1.23%,1.84%,-0.006,-0.110
全a近3月,股东权益与固定资产比率,2.95%,-12.62%,1.57%,1.40%,-0.005,-0.085
全a近3月,个股收益的120日偏度,-18.11%,-4.19%,3.83%,4.27%,-0.018,-0.319
全a近3月,净利润TTM,-35.94%,15.87%,2.45%,1.37%,0.030,0.277
全a近3月,120日夏普比率,-29.22%,31.93%,8.11%,9.96%,-0.023,-0.213
全a近3月,非线性市值因子,-25.75%,6.34%,2.79%,4.51%,-0.009,-0.111
全a近3月,经营活动净收益,-32.22%,11.18%,2.55%,1.36%,0.029,0.291
全a近3月,60日平均换手率,-7.66%,19.59%,1.74%,3.45%,-0.029,-0.217
全a近3月,市净率因子,-2.90%,-38.44%,3.61%,2.10%,0.021,0.123
全a近3月,经营活动产生的现金流量净额/负债合计,-15.12%,-0.13%,1.56%,1.04%,0.011,0.206
全a近3月,每股营业收入,-24.92%,8.39%,2.46%,1.39%,0.014,0.180
全a近3月,经营活动产生的现金流量净额与营业收入之比,-15.88%,-7.04%,1.61%,1.16%,0.010,0.207
全a近3月,营业利润与营业总收入之比,-18.17%,12.71%,1.97%,1.10%,0.022,0.240
全a近3月,每股经营活动产生的现金流量净额,-16.10%,-1.84%,1.67%,1.10%,0.012,0.184
全a近3月,换手率相对波动率,-0.72%,-11.36%,5.44%,7.42%,-0.055,-0.444
全a近3月,资产回报率TTM,-37.52%,8.39%,1.94%,1.16%,0.023,0.233
全a近3月,管理费用与营业总收入之比,3.12%,-38.76%,1.55%,1.67%,-0.013,-0.214
全a近3月,固定资产周转率,-19.89%,-18.77%,1.58%,1.45%,-0.004,-0.091
全a近3月,净利润增长率,-3.56%,2.07%,1.59%,1.46%,0.011,0.277
全a近3月,对联营和合营公司投资收益/利润总额,-22.69%,11.53%,1.45%,1.57%,0.003,0.068
全a近3月,息税折旧摊销前利润,-39.46%,17.29%,3.22%,1.47%,0.034,0.355
全a近3月,资产减值损失TTM,-13.67%,-9.40%,2.42%,1.69%,0.005,0.099
全a近3月,股东权益比率,-13.62%,-2.83%,1.85%,1.23%,0.006,0.110
全a近3月,每股营业利润TTM,-30.01%,24.91%,2.38%,1.01%,0.023,0.204
全a近3月,20日收益方差,-27.30%,8.58%,6.84%,8.14%,-0.053,-0.389
全a近3月,归属于母公司股东的净利润TTM,-36.24%,16.21%,2.54%,1.35%,0.031,0.283
全a近3月,营业成本TTM,-33.22%,11.58%,2.58%,1.75%,0.014,0.155
全a近3月,净资产增长率,-36.98%,21.55%,1.94%,1.37%,0.020,0.243
全a近3月,120日平均换手率,-10.21%,21.04%,1.52%,2.76%,-0.022,-0.165
全a近3月,6日量变动速率指标,7.67%,-31.65%,54.44%,52.09%,-0.035,-0.453
全a近3月,销售商品提供劳务收到的现金与营业收入之比,18.05%,-0.58%,1.51%,1.64%,-0.008,-0.110
全a近3月,现金比率,-18.72%,-13.18%,1.68%,1.10%,0.010,0.212
全a近3月,现金流动负债比,-9.86%,15.83%,1.70%,1.01%,0.015,0.248
全a近3月,20日成交金额的标准差,-36.34%,3.05%,5.35%,7.04%,-0.046,-0.344
全a近3月,现金流资产比和资产回报率之差,-3.22%,-21.15%,1.44%,1.39%,-0.005,-0.161
全a近3月,ARBR,-5.05%,-9.35%,13.79%,12.35%,-0.009,-0.166
全a近3月,每股收益TTM,-30.49%,23.99%,2.23%,0.98%,0.023,0.209
全a近3月,20日资金流量,-37.09%,13.86%,2.97%,5.34%,-0.033,-0.237
全a近3月,权益回报率TTM,-35.70%,13.85%,2.06%,1.33%,0.023,0.230
全a近3月,应付账款周转率,-7.66%,15.89%,1.67%,1.46%,0.006,0.117
全a近3月,销售毛利率,-12.83%,-6.01%,1.89%,1.10%,0.006,0.091
全a近3月,净债务,-32.28%,9.85%,2.09%,1.72%,0.006,0.072
全a近3月,扣除非经常损益后的净利润/净利润,7.09%,-28.14%,1.60%,1.67%,-0.008,-0.284
全a近3月,非经常性损益,-17.81%,-4.81%,2.15%,1.46%,0.008,0.238
全a近3月,应收账款周转率,9.53%,-5.02%,2.11%,1.49%,-0.002,-0.020
全a近3月,股东权益周转率,-12.65%,-1.17%,1.71%,1.22%,0.002,0.040
全a近3月,每股现金流量净额，根据当时日期来获取最近变更日的总股本,-27.59%,-11.98%,1.00%,1.02%,0.005,0.204
全a近3月,流动性因子,-37.01%,15.99%,1.55%,3.82%,-0.024,-0.124
全a近3月,60日收益方差,-28.64%,16.36%,2.92%,4.73%,-0.034,-0.225
全a近3月,销售商品提供劳务收到的现金,-20.03%,3.62%,3.13%,1.65%,0.014,0.136
全a近3月,个股收益的60日峰度,-11.41%,-17.28%,8.15%,5.91%,-0.007,-0.205
全a近3月,成交量的5日指数移动平均,-10.70%,9.16%,6.41%,9.21%,-0.046,-0.477
全a近3月,毛利TTM,-39.68%,5.81%,3.35%,1.57%,0.024,0.259
全a近3月,240日平均换手率,-2.38%,6.35%,1.46%,2.15%,-0.020,-0.164
全a近3月,成交量的26日指数移动平均,-9.93%,14.87%,2.29%,4.45%,-0.032,-0.332
全a近3月,每股营业利润,-33.36%,31.78%,2.37%,1.14%,0.025,0.232
全a近3月,成交量震荡,2.50%,-14.55%,11.86%,15.80%,-0.053,-0.638
全a近3月,6日成交金额的标准差,-31.64%,-3.29%,15.30%,16.19%,-0.061,-0.540
全a近3月,成本费用利润率,-20.56%,29.35%,1.95%,1.08%,0.023,0.248
全a近3月,销售成本率,-6.47%,-13.58%,1.04%,1.88%,-0.006,-0.083
全a近3月,每股资本公积金,-18.29%,-4.63%,1.61%,0.95%,0.008,0.087
全a近3月,现金流量市值比,-8.98%,-29.17%,1.59%,1.67%,0.015,0.111
全a近3月,残差历史波动率,-35.68%,2.07%,1.16%,2.76%,-0.028,-0.156
全a近3月,5年盈利增长率,9.39%,-6.82%,1.62%,1.45%,0.002,0.024
全a近3月,利润市值比,-13.27%,-30.18%,1.92%,1.47%,0.024,0.159
全a近3月,市场杠杆,1.24%,-3.80%,1.31%,1.58%,0.005,0.038
全a近3月,对数总市值,7.10%,-19.61%,2.37%,2.05%,-0.009,-0.053
全a近3月,季度平均平均月换手率,-34.93%,22.34%,1.27%,3.33%,-0.017,-0.095
全a近3月,收益离差,-35.81%,8.79%,13.99%,11.49%,-0.016,-0.103
全a近3月,市值立方因子,-25.85%,6.34%,2.53%,4.31%,-0.010,-0.118
全a近3月,月换手率,-35.98%,5.83%,2.18%,5.16%,-0.033,-0.177
全a近3月,账面杠杆,-3.35%,2.52%,1.19%,1.63%,-0.001,-0.015
全a近3月,成长因子,-15.78%,-0.96%,1.51%,1.50%,0.011,0.122
全a近3月,盈利预期因子,6.61%,-29.34%,2.70%,1.87%,0.023,0.139
全a近3月,年度平均月换手率,-31.66%,5.36%,0.96%,2.01%,-0.011,-0.063
全a近3月,日收益率标准差,-39.80%,9.79%,1.49%,4.28%,-0.029,-0.138
全a近3月,资产负债率,-3.04%,-35.78%,1.08%,1.71%,-0.003,-0.040
全a近3月,相对强弱,-27.85%,11.86%,6.84%,7.78%,-0.003,-0.018
全a近3月,5年营业收入增长率,-10.35%,-2.44%,1.46%,1.32%,0.011,0.135
全a近3月,残差波动因子,-15.98%,-13.73%,3.80%,5.42%,-0.047,-0.476
全a近3月,BETA,-45.26%,33.19%,2.99%,3.21%,0.019,0.078
全a近3月,5日移动均线,-28.72%,16.23%,46.58%,42.75%,0.047,0.506
全a近3月,上轨线（布林线）指标,-28.58%,3.83%,31.47%,16.28%,0.017,0.157
全a近3月,26日指数移动均线,-7.75%,-4.52%,23.41%,21.61%,0.059,0.678
全a近3月,资金流量指标,-9.10%,-13.10%,21.76%,23.08%,-0.039,-0.569
全a近3月,120日指数移动均线,13.03%,-26.17%,13.11%,10.49%,0.045,0.449
全a近3月,60日移动均线,-1.96%,-19.48%,14.95%,12.87%,0.056,0.546
全a近3月,120日移动均线,23.57%,-30.61%,11.81%,9.17%,0.042,0.447
全a近3月,下轨线（布林线）指标,0.72%,-15.66%,16.32%,22.24%,0.063,0.692
全a近3月,12日指数移动均线,-19.70%,8.93%,32.74%,29.88%,0.056,0.580
全a近3月,5日指数移动均线,-28.86%,5.61%,47.04%,42.94%,0.051,0.517
全a近3月,20日指数移动均线,-12.10%,3.91%,26.11%,24.05%,0.058,0.655
全a近3月,20日移动均线,-14.90%,4.83%,23.74%,20.61%,0.053,0.607
全a近3月,平滑异同移动平均线,6.20%,-20.23%,12.79%,16.82%,-0.030,-0.289
全a近3月,10日指数移动均线,-20.77%,4.80%,35.35%,32.30%,0.055,0.555
全a近3月,10日移动均线,-22.67%,12.44%,33.01%,29.50%,0.050,0.480
全a近3月,5日乖离率,17.56%,-29.12%,42.73%,46.64%,-0.047,-0.506
全a近3月,当前股价除以过去一年股价均值再减1,-24.21%,22.53%,6.31%,9.32%,-0.028,-0.250
全a近3月,当前股价除以过去三个月股价均值再减1,-20.64%,4.51%,12.72%,14.80%,-0.055,-0.546
全a近3月,当前股价除以过去一个月股价均值再减1,6.20%,-11.95%,20.27%,23.13%,-0.053,-0.611
全a近3月,12日收盘价格与日期线性回归系数,-5.33%,1.64%,15.87%,16.00%,-0.037,-0.399
全a近3月,BBI 动量,-20.87%,5.20%,34.82%,31.65%,0.055,0.584
全a近3月,12日变动速率（Price Rate of Change）,4.43%,-14.57%,24.63%,23.39%,-0.048,-0.585
全a近3月,120日变动速率（Price Rate of Change）,-28.21%,60.50%,8.38%,8.80%,-0.025,-0.220
全a近3月,60日乖离率,-19.96%,2.40%,12.79%,14.87%,-0.056,-0.550
全a近3月,20日变动速率（Price Rate of Change）,-15.23%,2.08%,19.34%,17.80%,-0.044,-0.498
全a近3月,Aroon指标下轨,1.49%,-10.87%,22.52%,17.08%,0.020,0.323
全a近3月,单日价量趋势12均值,-16.67%,-14.73%,21.89%,19.03%,-0.046,-0.625
全a近3月,当前交易量相比过去1个月日均交易量 与过去过去20日日均收益率乘积,-16.22%,1.84%,24.13%,25.27%,-0.048,-0.561
全a近3月,20日顺势指标,-13.39%,-18.54%,22.63%,27.67%,-0.041,-0.444
全a近3月,6日收盘价格与日期线性回归系数,-4.68%,-17.16%,29.63%,29.36%,-0.039,-0.364
全a近3月,CR指标,-24.47%,-7.94%,16.81%,18.40%,-0.038,-0.462
全a近3月,60日变动速率（Price Rate of Change）,-14.49%,9.31%,13.14%,11.86%,-0.040,-0.403
全a近3月,20日乖离率,7.46%,-14.38%,20.70%,23.71%,-0.053,-0.608
全a近3月,多头力道,-9.26%,0.54%,27.46%,29.60%,-0.052,-0.589
全a近3月,Aroon指标上轨,-23.40%,-4.67%,16.71%,21.97%,-0.034,-0.458
全a近3月,单日价量趋势6日均值,-2.45%,-20.54%,32.52%,27.85%,-0.050,-0.572
全a近3月,10日终极指标TRIX,-20.26%,-3.21%,7.12%,8.82%,-0.040,-0.444
全a近3月,10日顺势指标,-9.74%,-24.16%,32.90%,40.66%,-0.039,-0.394
全a近3月,88日顺势指标,-29.39%,-16.20%,10.65%,14.77%,-0.044,-0.493
全a近3月,24日收盘价格与日期线性回归系数,-18.00%,-3.45%,8.52%,9.09%,-0.035,-0.385
全a近3月,10日乖离率,14.70%,-20.07%,29.59%,33.06%,-0.050,-0.480
全a近3月,6日变动速率（Price Rate of Change）,8.76%,-26.11%,33.92%,32.14%,-0.052,-0.486
全a近3月,当前价格处于过去1年股价的位置,-10.31%,-32.00%,16.21%,8.51%,0.030,0.330
全a近3月,梅斯线,-20.05%,-18.65%,8.37%,9.19%,-0.043,-0.444
全a近3月,空头力道,-4.23%,-5.94%,26.12%,31.52%,-0.023,-0.227
全a近3月,单日价量趋势,-0.99%,-38.94%,70.45%,72.48%,-0.028,-0.333
全a近3月,5日终极指标TRIX,-7.66%,-3.51%,13.40%,15.52%,-0.041,-0.444
全a近3月,1减去 过去一个月收益率排名与股票总数的比值,6.00%,-9.35%,18.21%,19.64%,0.044,0.484
全a近3月,15日顺势指标,-15.53%,-29.68%,26.12%,32.47%,-0.041,-0.431
全a近3月,市值,-20.19%,-18.73%,2.20%,2.16%,-0.004,-0.037
全a近3月,现金流市值比,-32.66%,-15.85%,1.46%,1.59%,0.005,0.232
全a近3月,营收市值比,-7.67%,-14.44%,2.92%,1.98%,0.015,0.139
全a近3月,流通市值,-18.12%,-19.01%,2.12%,2.28%,-0.004,-0.036
全a近3月,PEG,6.03%,-24.23%,1.83%,2.07%,-0.011,-0.243
全a近3月,财务杠杆指数,786.82%,45.93%,1.28%,1.19%,-0.000,-0.009
全a近3月,营业收入指数,-16.20%,18.55%,1.70%,1.34%,0.011,0.146
全a近3月,毛利率指数,18.97%,12.91%,1.60%,1.55%,-0.001,-0.046
全a近3月,经营性资产,-34.37%,7.25%,2.80%,1.78%,0.015,0.150
全a近3月,金融资产,-34.73%,7.10%,3.40%,1.56%,0.020,0.251
全a近3月,经营性负债,-17.99%,7.84%,2.87%,1.91%,0.010,0.102
全a近3月,应收账款指数,-6.54%,4.92%,1.40%,1.46%,-0.003,-0.146
全a近3月,金融负债,-10.72%,12.77%,2.51%,1.72%,0.009,0.116
全a近3月,经营资产回报率TTM,-11.77%,17.24%,2.05%,1.03%,0.019,0.218
全a近3月,销售利润率TTM,-19.38%,12.30%,1.97%,1.09%,0.022,0.238
全a近3月,长期权益回报率TTM,-31.02%,0.11%,2.21%,1.21%,0.014,0.174
全a近3月,经营资产周转率TTM,7.56%,-15.76%,1.49%,1.10%,0.005,0.108
全a近3月,长期资产回报率TTM,-32.67%,-0.17%,2.19%,1.01%,0.017,0.197
全a近3月,销售管理费用指数,-5.87%,7.73%,1.42%,1.64%,-0.003,-0.086
全a近3月,长期毛利率增长,-8.63%,19.49%,1.78%,1.57%,0.007,0.165
全a近3月,最大盈利水平,-10.24%,35.34%,1.79%,1.55%,0.009,0.187
全a近3月,盈利能力稳定性,-8.95%,-12.83%,1.95%,1.07%,0.012,0.185
全a近3月,投资资本回报率TTM,-11.20%,18.03%,2.05%,1.24%,0.023,0.219
全a近3月,预期市盈率,15.89%,-33.97%,3.34%,2.19%,0.019,0.094
全a近3月,RAW BETA,-45.26%,33.19%,2.99%,3.21%,0.019,0.078
全a近3月,预期短期盈利增长率,-41.39%,20.53%,1.78%,1.85%,0.014,0.127
全a近3月,预期长期盈利增长率,-53.02%,-10.51%,1.58%,2.63%,0.029,0.260
全a近3月,不复权价格因子,-36.57%,-14.44%,2.24%,2.49%,-0.003,-0.016
全a近3月,规模因子,-20.38%,0.52%,2.39%,4.85%,-0.010,-0.164
全a近3月,流动性因子,-33.07%,12.92%,1.24%,3.18%,-0.020,-0.109
全a近3月,分红收益率因子,19.65%,-34.95%,3.14%,2.05%,-0.001,-0.007
全a近3月,质量因子,-17.56%,-40.07%,2.72%,3.63%,-0.005,-0.070
全a近3月,价值因子,-4.81%,-42.39%,2.64%,1.93%,0.010,0.079
全a近3月,成长因子,-3.08%,-12.80%,3.26%,3.47%,0.009,0.121
全a近3月,动量因子,-23.76%,5.73%,13.61%,13.01%,-0.036,-0.312
全a近3月,波动率因子,-38.63%,18.42%,1.55%,2.35%,-0.006,-0.026
全a近3月,情绪因子,7.49%,-11.25%,4.94%,4.66%,0.010,0.261
全a近3月,市场波动率因子,-35.78%,18.49%,1.40%,1.26%,0.007,0.031
全a近3月,相对动量因子,-21.70%,7.88%,2.61%,3.66%,-0.004,-0.029
全a近3月,长期反转因子,-28.02%,6.57%,2.83%,2.53%,0.000,0.003
全a近3月,残余波动率因子,-37.81%,1.51%,1.11%,3.53%,-0.029,-0.145
全a近3月,流动性因子,-33.53%,16.53%,1.19%,3.40%,-0.021,-0.117
全a近3月,市值规模因子,7.10%,-19.61%,2.37%,2.05%,-0.009,-0.053
全a近3月,中等市值因子,-25.94%,6.32%,2.54%,4.23%,-0.010,-0.114
全a近3月,市净率因子,-2.90%,-38.44%,3.61%,2.10%,0.021,0.123
全a近3月,盈利能力因子,-40.72%,-20.23%,1.69%,0.98%,0.002,0.021
全a近3月,财务杠杆因子,7.48%,-31.45%,1.07%,1.54%,-0.000,-0.001
全a近3月,投资能力因子,4.21%,-15.35%,1.17%,1.88%,-0.014,-0.122
全a近3月,分红因子,-4.64%,-36.46%,2.14%,1.22%,0.015,0.104
全a近3月,盈利质量因子,8.77%,-11.77%,1.12%,1.70%,-0.009,-0.116
全a近3月,收益因子,-0.07%,-30.95%,2.39%,1.64%,0.022,0.134
全a近3月,长期成长因子,-19.15%,1.43%,1.63%,1.77%,0.016,0.169
全a近3月,盈利变动率因子,-33.60%,-16.71%,1.54%,2.05%,-0.012,-0.146
